# Resource object code (Python 3)
# Created by: object code
# Created by: The Resource Compiler for Qt version 6.8.1
# WARNING! All changes made in this file will be lost!

from PySide6 import QtCore

qt_resource_data = b"\
\x00\x00\x02\x01\
\x89\
PNG\x0d\x0a\x1a\x0a\x00\x00\x00\x0dIHDR\x00\
\x00\x004\x00\x00\x004\x08\x06\x00\x00\x00\xc5x\x1b\xeb\
\x00\x00\x00\x09pHYs\x00\x00\x0b\x13\x00\x00\x0b\x13\
\x01\x00\x9a\x9c\x18\x00\x00\x01\xb3IDATx\x9c\xed\
\xd8?\xa8\x8fQ\x1c\xc7\xf1\xd7\xed\xa6K$\x06\xa3\xc5\
@\x19,&\xa3Q\xdd\xcd\xc2b\x14e\x22))\xb2\
\xc9$\x19()Ja`0\xa0(\x89l&\x91\x01\
QwV\x5c\x7f\x12G\xa7\xceS\xfa\xf5\xfc\xb8\xf7<\
\xd7\xcfy\x9e\xce\xbb>\xfb\xf7]O\xdf\xe7s\xbeT\
*\x95J\xa5R\xe9\x05\x1bp\x18\xfb\xb1L\xcf\xd9\x8b\
y\x84\x94\x8bz\xca\x1a\x5c\xffM\xa4\xc97=d#\
^\xb4\xc84\xe9\x15;\xf0\xe1\x0f2\xbd\x12:\x84\x1f\
\x7f\x91\xe9\x85\xd0\x14N,@\xa4\x17B\xd3\xb8\xb0\x08\
\x99\xa2\x85fpc\x912\xc5\x0a\xad\xc2\xbd\x0c\x99\x22\
\x85V\xe3i\xa6L\xcc\x17\xcc\xe19\x1e\xe36\xae\xe0\
,N\xe2 \xf6\xa4\x8d\xb9\x15\xeb\xb1\xfc_\xc9\xac\xc4\
\xa3\x0e2]\xf2\x11/q\x17g\xb0\xa9\xab\xcc\x0a\xdc\
\xffO2\xa1%\xef\xd2\xa7\x9f\xbd\x00\xee\x14 \x11F\
\x12\xbbb\xd6\x7f\xe6r\x01\xc3\x87\x96\xdc\xcc\x11:Z\
\xc0\xe0aL\xde\xe4\x08\xcd\x150x\x18\x93\xcf9B\
\xef\x0b\x18<\x8c\xc9\xa7\x1c\xa1]\xf8Y\xc0\xf0\xa1%\
\xafdr\xbc\x80\xe1CK\xe2\xb2\x92\xbb\xe9\xce\x15 \
\x10F2\x9b+\xd4H]*@\x22\xa4<L3u\
~.\x5c\x9b\xf0\xe0\xb1\xfb\xbd\xc5\x93t\xa78\x95\xba\
^\xbc[,\x09\xf1\x14u\xab\xc3\x80\xf3\xa9\xb6<K\
\x8d\xfdj*\xa6\xf1\x91x\x00\xbb\xb1\x1d\x9b\xb1\xd6\x84\
\x98N'\xa9\x1c\xa1b\x99\xc2\xe9!\x095\x1c\x19\x9a\
Pd\xdf\x02/>\xbd\x11\x8a\xecLUd0B\x91\
-x=$\xa1\xc8:<\x18\x92P\xb3\xd6\x8f\xe1\xfb\
\x88\xccW=g\xdb\xc8'x\xde\x00\x98I%rv\
)\xbaW\xa5R\xa9T*\x15\x93\xe7\x179\x00\x8b\xa3\
\x15\xd9\x0bP\x00\x00\x00\x00IEND\xaeB`\x82\
\
\x00\x00\x01\xfb\
\x89\
PNG\x0d\x0a\x1a\x0a\x00\x00\x00\x0dIHDR\x00\
\x00\x004\x00\x00\x004\x08\x06\x00\x00\x00\xc5x\x1b\xeb\
\x00\x00\x00\x09pHYs\x00\x00\x0b\x13\x00\x00\x0b\x13\
\x01\x00\x9a\x9c\x18\x00\x00\x01\xadIDATx\x9c\xed\
\xd9\xbdK\x17a\x00\xc0\xf1O\xa4TK\xe1\x124H\
\x91m\x0d\xe1\xd0Vk\x8b\x8d\xf5\x1fDDo\x8eA\
4\xb9\x85\x12\x0d\xe9\x94\xe4 \xbd\x104\x84\x0e!B\
B\xd0^\xf4\xb2h\x83 \x15R\x92XT\xe4\xc9\x0f\
N\x08\xf1\xe5\xfcu\xcfs\xbf\x8b\xe7\x0b\xcfz\xf7|\
\x8e\xe3\xe1\xb9\xe7H\xa5R\xa9T*\xf5_\xb4\x0f\xfb\
q\x18\x07\xd0\x91\x8f=Z\xa8N\x9c\xc2U\xf4c\x14\
Sx\x87\x19|\xc1wd\x05\xc6g\xbc\xc2-\xb4\xc5\
D\x1c\xc3$\x16\x0aN\xb4\x99\xd1\x1b\x0b\xb3\x03\xd3\x01\
!Y>\xee\xc5\x025\xde\xf7?\x11@\x8fD\xecn\
\x04\xd0\xd3\x98\xa0\x9d\xb8\x1f\x184\x1e\x13\xb4\x8az\x10\
\x10\xf4,6(4j\xb2\x0aPH\xd4\x94\x0ak\xc7\
\x93\x92A/T\xdcH\xc9\xa0\x89*17\xea\xbel\
\xff\xddY,\x07\x00=TA\xc7\xb1T\xf7\xad\xcfj\
\x87\xf01\x10&\xc3\xa0\x88\xed\xc5\xeb\x80\x98\x0c\x031\
\x97\xe8\x89\xc0\x98\x0c}\xb1@C\x110\x19.\xc7\xc0\
\x5c\x8c\x84\xc9p&4\xe6$~F\x04\x9d\x08\x89\xe9\
\xc2|\x09\x93\xfc\x86\xd3\x05\xb7I]!W\xb47%\
`\xe6\xd0]p\xef\xf7+\xd4!I\xe3\xfc\xe0q\x09\
\x98\xc6\x039\xb8\xe6\xda\x9b\xa1\xde\x0b\xd4\x95\x120\xcf\
\xf3\xb3\xb7\xf5\xda\x085\x16\x0a\xb4P\xc2~l\xd7\x16\
\xf7X\x0fu-\x14\xe8\xd3?`\xfa\xf3W\xb6H\x0d\
\xd4M\xbc\xc5\x9d\x02\x0f\xa1\xe9\x86\x9b\x80\xfc\xc6\x05-\
\xda\x11\xfc\xd8\xe6\xb2\xdc\xa3\xc5\xbbT\x10\xf3\x01G\xd5\
\xa4\xeb[`^\xe6\x7f\x15j\xd59,n\xf0!\xb6\
[M\xeb\xc4m\xcc\xe2+\xceW=\xa1T*\x95J\
\xa5R)\x9b\xb6\x02\x82\x1c\x94v\xad\xd4\xdcp\x00\x00\
\x00\x00IEND\xaeB`\x82\
\x00\x00<\xb4\
\x89\
PNG\x0d\x0a\x1a\x0a\x00\x00\x00\x0dIHDR\x00\
\x00\x01\xc0\x00\x00\x01\xc0\x08\x06\x00\x00\x005%\xb8s\
\x00\x00\x00\x01sRGB\x00\xae\xce\x1c\xe9\x00\x00\x00\
\x04gAMA\x00\x00\xb1\x8f\x0b\xfca\x05\x00\x00\x00\
\x09pHYs\x00\x00\x0e\xc4\x00\x00\x0e\xc4\x01\x95+\
\x0e\x1b\x00\x00<IIDATx^\xed\xdd\x07\x94\
\x5c\xd5\x9d\xe7\xf1\x7f\xe5\xeaVK\x02\x85n!\x09$\
P\x02$\x82@\x22\x88$\x01&\x99\x9c\xc1\xc6\x9e\xf5\
\xaeg\xd8\x09\x9e`\xcf\xee\xd99\xb3\xb3\xde\xbc{f\
=\xc1a\xec\xc1\x09\xef\x8e\x0d\x0e\x80\x10\x19\x91\x83\x09\
B\x22I\x08\x04J(\xe7\xd4\xa9\xf2\xde\xff\xad',\
\x84BW\xbdWU/|?>:\xa2^\xcbRw\
\xf5\xbf\xdf\xef\xde\xfbn\x88U*\x15\x01*\xe5r|\
\xcf\xc7\x1fO\xdc\xb8h\xe19;\x96-\x9b\xd6\xb7u\
kW)\x9f\xcbJ\xa5\x12s\xfe\x08\x10L\xb1X%\
\x91m\xeb\xed\xe8\xeaZ7\xfc\xc4\x13\xdf\x1cu\xda\xe9\
/g;;\xd7\xc7\xccu\xe7O \xa2\x08@H\xf7\
\x8e\x1d\xc3\xfb\x9f{\xf6\xfa\xe4K/^\x9b_\xf3\xf1\
\xe4\xf2\xce\x1d#\xcb}}\x83\xa4\x5cN\x10\x80\x08<\
\x13t\xb1d\xb2\x10kk\xeb\x8e\x0f\x1b\xb6);a\
\xd2\xbb\xb9\x8b.\xfe\xc5\xa0\x193\x9fi\xef\xe8\xd8\xe3\
\xfc)D\x10\x01\x18q\xdb\xd7\xaf;\xba\xf7\xe1\x87\xbe\
\x92zz\xfe\x17\xca\x1b6\x8c\xaf\x14\x8b)\xe7C@\
(\xc5\xd2\xe9\xfe\xc4\xf8c\x97\xe6\xaf\xbc\xea\x9f\x07\xcf\
\xb9\xe8\xbe\xa1\xc3\x87ou>\x84\x88!\x00#l\x9b\
\x86\xdf\x03\xf7\xdf\x99\x9e\xff\xc4\x97J[\xb6\x8c\xa1\xb7\
\x87\xc8\x88\xc7\xcb\xc9\xb1G\x7f\xd8\x7f\xcd\xb5\xdf\x1b\xf2\
\xb9K\xef=b\xc4\x88-\xceG\x10!\x89o~\xf3\
\x9b\xce\x7f\x22J~\x17~\x8f\x9b\xf0\xdbJ\xf8!Z\
L\xbd\x97w\xef\x1e\x9e^\xbfnRO*\xd5W9\
j\xf4\x8al{{\xaf\xf3QD\x04\x01\x18A\x84\x1f\
`\xc5\xca{\xf6\x0cKoX?\x91\x10\x8c&\x020\
b\x08?\xe0S\x08\xc1\x08#\x00#\x84\xf0\x03\x0e\x88\
\x10\x8c(\x020\x22\x08?\xe0\x90\x08\xc1\x08\x22\x00#\
\x80\xf0\x03\x06\x84\x10\x8c\x18\x020\xe4\x08?\xa0&\x84\
`\x84\x10\x80!F\xf8\x01u!\x04#\x82\x00\x0c)\
\xc2\x0fp\x85\x10\x8c\x00\x020\x84\x08?\xc0\x13\x84`\
\xc8\x11\x80!C\xf8\x01\x9e\x22\x04C\x8c\x00\x0c\x11\xc2\
\x0fh\x08B0\xa4\xd8\x0c;$\x1a\x19~\xb1lV\
\x92\x13'I\xea\xa4\x93$>z\xac\xc4\x07w\x98\xa6\
S\xd2\xf9(\xe0\x0f\x95BA*\xbbwIi\xf5j\
)\xbc\xfd\x96\x94\xd6\xac1\xd7\xf2\xceG=\x10\x8bU\
\x92c\xc7~\xd4\x7f\xcdu\xdf\x1dr\xc9e\xf7\xb0\x81\
v\xf0\x11\x80!\xd0\xc8\xf0KN\x98 \x99\x8b>'\
\xa9S\xa7K\xa2k\x94\xc4::\xf48\x19\xddM\xdf\
\xf9\x13\x80O\x94JR\xc9\xe7\xa5\xbck\x97\x947\xac\
\x97\xfc\xab\xafH\xffs\xcfHy\xe3F\xe7\x0fx\x80\
\x10\x0c\x15\x86@\x03\xaea\xe1\x17\x8b\x99\xd0;U\xda\
o\xbeU2\xb3\xe7Hr\xec\xd1\x12\x1b4HbI\
\xd3\xf33\x1f\x03|\xc74\xcab\xa9\x94\xc4M#-\
\xd1\xd5%\xc9\xf1\xc7J|\xe8P)o\xdadBq\
\xa7\xf3\x87\x5cc84D\x08\xc0\x00kd\xcf/u\
\xf2\xa9\xd2v\xd3-\x92>\xe3L\x89\x0f\x1eL\xe8!\
XL\xbdj\x83-1z\x8c\x09\xc4A\xa6G\xb8A\
\xca;\x09A|\x1a\x01\x18P\x8d\x0f\xbf\x9b%=c\
\xa6\xc4\xda\xdb\x9d\xab@\xf0\xe8\xf3\xeb\xf8\xa8\xa3\x08A\
\x1c\x10\x01\x18@\x84\x1f0p\xb1L\x86\x10\xc4\x01\x11\
\x80\x01C\xf8\x01\xb5#\x04q \x04`\x80\x10~@\
\xfd\x08A\xec\x8f\x00\x0c\x08\xc2\x0fp\x8f\x10\xc4\xbe\x08\
\xc0\x00 \xfc\x00\xef\x10\x82\xd8\x8b\x00\xf49\xc2\x0f\xf0\
\x1e!\x08E\x00\xfa\x18\xe1\x074\x0e!\x08\x02\xd0\xa7\
\x08?\xa0\xf1\x08\xc1h#\x00}\x88\xf0\x03\x9a\x87\x10\
\x8c.\x02\xd0g\x08?\xa0\xf9\x08\xc1h\x22\x00}\x84\
\xf0\x03Z\x87\x10\x8c\x1e\x8eC\xf2\x89 \x86_\xa5\xaf\
Or\xcf>#\xf9Eo\x88\xe4r\xceU\xa09b\
mm\x92\x99}\xa1\xa4N\x9fa\xc3\xcb+\xe5\xdd\xbb\
%\xff\xe2\xf3\xd2\xf7\x9b_Kq\xe5\x0aS\xe8\x1e\xdd\
#9J\xc9w\x08@\x1f\x08j\xf8\xf5\xcf\x7fB\xfa\
\x1e\xb8_J\xabW\xd9\xb3\xd8\x80\xa6J&%u\xfc\
\x09\xd2~\xeb\xed\x92:\xe3LB\x105c\x08\xb4\xc5\
\x08?\xa0N\xe5\xb2\x94\xb7o\xb7\x07\xde&\x8e\x1c&\
\xf1Q\xa3\xaa\xe7Uz\x80\xe1\xd0h \x00[\x88\xf0\
\x03\x5c\x22\x04\xe1\x02\x01\xd8\x22\x84\x1f\xe0\x11B\x10u\
\x22\x00[\x80\xf0\x03<F\x08\xa2\x0e\x04`\x93\x11~\
@\x83\x10\x82\xa8\x11\x01\xd8D\x84\x1f\xd0`\x84 j\
@\x006\x09\xe1\x074\x09!\x88\x01\x22\x00\x9b\x80\xf0\
\x03\x9a\x8c\x10\xc4\x00\x10\x80\x0dF\xf8\x01-B\x08\xe2\
0\x08\xc0\x06\x22\xfc\x80\x16#\x04q\x08\x04`\x83\x10\
~\x80O\x10\x828\x08\x02\xb0\x01\x08?\xc0g\x08A\
\x1c\x00\x01\xe81\xc2\x0f\xf0)B\x10\xfb!\x00=D\
\xf8\x01>G\x08b\x1f\x04\xa0G\x08?  \x08A\
8\x08@\x0f\x10~@\xc0\x10\x820\x08@\x97\x08?\
 \xa0\x08\xc1\xc8#\x00] \xfc\x80\x80#\x04#\x8d\
\x00\xac\x13\xe1\x07\x84\x04!\x18Y\x04`\x1d\x08? \
d\x08\xc1H\x22\x00kD\xf8\x01!E\x08F\x0e\x01\
X\x03\xc2\x0f\x089B0R\x08\xc0\x01\x22\xfc\x80\x88\
 \x04#\x83\x00\x1c\x00\xc2\x0f\x88\x18B0\x12\x08\xc0\
\xc3 \xfc\x80\x88\x22\x04C\x8f\x00<\x04\xc2\x0f\x888\
B0\xd4\x08\xc0\x83 \xfc\x00X\x84`h\x11\x80\x07\
@\xf8\x01\xf8\x14B0\x94\x08\xc0\xfd\x10~\x00\x0e\x88\
\x10\x0c\x1d\x02p\x1f\x84\x1f\x80C\x22\x04C\x85\x00t\
\x10~\x00\x06\x84\x10\x0c\x0d\x02\xd0 \xfc\x00\xd4\x84\x10\
\x0c\x85\xc8\x07 \xe1\x07\xa0.\x84`\xe0E:\x00\x09\
?\x00\xae\x10\x82\x81\x16\xd9\x00$\xfc\x00x\x82\x10\x0c\
\xacH\x06 \xe1\x07\xc0S\x84` E.\x00\x09?\
\x00\x0dA\x08\x06N\xa4\x02\x90\xf0\x03\xd0P\x84`\xa0\
D&\x00\x09?\x00MA\x08\x06F$\x02\x90\xf0\x03\
\xd0T\x84` \x84>\x00\x09?\x00-A\x08\xfa^\
\xa8\x03\x90\xf0\x03\xd0R\x84\xa0\xaf\x856\x00\x09?\x00\
\xbe@\x08\xfaV(\x03\x90\xf0\x03\xe0+\x84\xa0/\x85\
.\x00\x09?\x00\xbeD\x08\xfaN\xa8\x02\x90\xf0\x03\xe0\
k\x84\xa0\xaf\x84&\x00\x09?\x00\x81@\x08\xfaF(\
\x02\x90\xf0\x03\x10(\x84\xa0/\x04>\x00\x09?\x00\x81\
D\x08\xb6\x5c\xa0\x03\x90\xf0\x03\x10h\x84`K\x056\
\x00\x09?\x00\xa1@\x08\xb6L \x03\x90\xf0\x03\x10*\
\x84`K\x04.\x00\x09?\x00\xa1D\x086]\xa0\x02\
\x90\xf0\x03\x10j\x84`S\x05&\x00\x09?\x00\x91@\
\x086M \x02\x90\xf0\x03\x10)\x84`S\xf8>\x00\
\x09?\x00\x91D\x086\x9c\xaf\x03\x90\xf0\x03\x10i\x84\
`C\xf96\x00\x09?\x000\x08\xc1\x86\xf1e\x00\x12\
~\x00\xb0\x0fB\xb0!|\x17\x80\x84\x1f\x00\x1c\x00!\
\xe89_\x05 \xe1\x07\x00\x87@\x08z\xca7\x01H\
\xf8\x01\xc0\x00\x10\x82\x9e\xf1E\x00\x12~\x00P\x03B\
\xd0\x13-\x0f@\xc2\x0f\x00\xea@\x08\xba\xd6\xd2\x00$\
\xfc\x00\xc0\x05B\xd0\x95\x96\x05 \xe1\x07\x00\x1e \x04\
\xeb\xd6\x92\x00$\xfc\x00\xc0C\x84`]\x9a\x1e\x80\x84\
\x1f\x004\x00!X\xb3\xa6\x06 \xe1\x07\x00\x0dD\x08\
\xd6\xa4i\x01H\xf8\x01@\x13\x10\x82\x03\xd6\x94\x00$\
\xfc\x00\xa0\x89\x08\xc1\x01ix\x00\x12~\x00\xd0\x02\x84\
\xe0a54\x00\x09?\x00h!B\xf0\x90\x1a\x16\x80\
\x84\x1f\x00\xf8\x00!xP\x0d\x09@\xc2\x0f\x00|\x84\
\x10< \xcf\x03\x90\xf0\x03\x00\x1f\x22\x04?\xc3\xd3\x00\
$\xfc\x00\xc0\xc7\x08\xc1O\xf1,\x00\x09?\x00\x08\x00\
B\xf0\x13\x9e\x04 \xe1\x07\x00\x01B\x08Z\xae\x03\x90\
\xf0\x03\x80\x00\x22\x04\xdd\x05 \xe1\x07\x00\x01\x16\xf1\x10\
\xac;\x00\x09?\x00\x08\x81\x08\x87`]\x01H\xf8\x01\
@\x88D4\x04k\x0e@\xc2\x0f\x00B(\x82!X\
S\x00\x12~\x00\x10b\x11\x0b\xc1\x01\x07 \xe1\x07\x00\
\x11\x10\xa1\x10\x1cP\x00\x12~\x00\x10!\x11\x09\xc1\xc3\
\x06 \xe1\x07\x00\x11\x14\x81\x10<d\x00\x12~\x00\x10\
a!\x0f\xc1\x83\x06 \xe1\x07\x00\x08s\x08\x1e0\x00\
\x09?\x00\xc0'B\x1a\x82\x9f\x09@\xc2\x0f\x00\xf0\x19\
!\x0c\xc1O\x05 \xe1\x07\x008\xa8\x90\x85\xe0'\x01\
\xb8\x9d\xf0\x03\x00\x1cN\xb0CpBo&\xdb-G\
\x8d^\xa9!h\x03\xb0{\xc7\x8e\xe1\xdd\xf3\xe6~5\
\xf5\xf8\xa3_!\xfc\x00\x00\x87\x14\xd4\x10\xec\xee>R\
C\xb0\x7f\xf0\x90m\xc91c\x97'\xfe\xd3\xdf\xfcM\
\xbc\xfb\xa9\xa7n\x91ys\xef,mX\x7f,\xe1\x07\
\x008\xac \x86\xa0\xc97\xed\x09fv\xee\xe8\xaa\x1c\
=nY\xe2O\x7f\xef\xf7&%\x1e\x99\xf7\x07\xf9w\
\xdf\x99e\xbe\xa0\x84\xf3\xc7\x5c#\xfc\x00 \xe4\x82\x1a\
\x82;w\x8el\x1f>|K\xe2K\x17\xce\xb94\xf3\
\xd2\x0b7\x98/b\x94\xf3a\xd7\x08?\x00\x88\x88 \
\x86`\xa9\x94\xac\xc4\xe3\xe5\xc4\xedg\x9dy\xfd\x91o\
\xbfuq%\x9fos>\xe4\x0a\xe1\x07\x00\x11\x13\xc4\
\x10,\x96R\x89\xdb\xce>\xfb\xfa\x11\x1f,=\xd7t\
\x0b\xe3\xce\xe5\xba\x11~\x00\x10QA\x0b\xc1B!\x9d\
\xf8\xe2\xb9\xb3\xae\xe9\x5c\xb1|\xa6y\xe9j\xf2K\xea\
\x14\x13~7\xdf\xe2}\xf8\xf5\xf6\xfe.\xfc>^M\
\xf8\x01\x80_\xed\x0d\xc1M&\x04\x87\x0d\x97xW\x03\
B\xd0\xe4Ky\xc3:\xf7!X\xa9$\xaa\xbd>\x97\
3?\x93\x13&H\xdbUWK\xfa\xf4\x19\x84\x1f\x00\
DY\xb1(\x85\xf7\xdf\x97\xde{\x7f!\x85\x05\xafK\
%\x97s>\xe0^|\xc8\x10I\x9f\x7f\x81d.\xb9\
\xcc\xf60]1\xb9\xe7z\xd83\x96\xcdJ\xe6\xbc\x0b\
$5\xf3L\xef\x87=\x9fz\x92\xf0\x03\x80\xa0)\x14\
L\x08.\x95\xde{~.\x85\xd7_\xf36\x04\x87\x0e\
\x95\xcc\x85\x17K\xfa\x94S%\x96N;W\xeb\xe3:\
\x00\x93\xc7M\x90\xe4\xc9\xa7\xd8O\xca+\xb6\xe7\xf7\xe4\
\xe3\xd2w\xff}\x84\x1f\x00\x04\xd1\xde\x10\xfc\xa5\xf7=\
\xc1DW\x97\xa4\xa6\x9fn\x87X\xddp\x1f\x80\x93\xa7\
Hb\xecX\xd3\x15\xf4f\xfd<\xc3\x9e\x00\x10\x12\x8d\
\x1a\x0e5yc\xb3g\xf4h\xe7B}\x5c\x07`\xbc\
\xb3\xd3\xb3\xde\x1f\xc3\x9e\x00\x102\x0d\x1a\x0e\xd5\xec\x89\
\xb9\xcc\x1e\xf7\xcf\x00\xdb\xdb%\x96\xce8\xaf\xea\xc7\xb0\
'\x00\x84T\x03\x86Cu6\xa8\xce\x0cu\xc3u\x00\
J\x22a\xfe\x16w\x7f\x0d=?\x00\x08\xb9\xbd\xc3\xa1\
^\xf5\x04M\xf6\xc4\x5c\xce\xe3t\x1f\x80.}j\x91\
;\xe1\x07\x00\xe1\xb5\xb7'\xa8\xcf\x04=\x9e\x1dZ\x8f\
\x96\x07`\xee\xf9g\xab\xc3\x9e\xec\xf0\x02\x00\xe1g{\
\x82\xcep\xe8\x92\xc5\xce\xc5\xd6hy\x00\x16\x97-\xa3\
\xe7\x07\x00Q\xe2\x0c\x87\x967\xacw.\xb4F\xcb\x03\
P\xbb\xc4\x84\x1f\x00D\x8c\xb9\xf7WZ|\xefo}\
\x00\x02\x00\xd0\x02\x04 \x00 \x92\x08@\x00@$\x11\
\x80\x00\x80H\x22\x00\x01\x00\x91D\x00\x02\x00\x22\x89\x00\
\x04\x00D\x12\x01\x08\x00\x88$\x02\x10\x00\x10I\x04 \
\x00 \x92\x08@\x00@$\x11\x80\x00\x80H\x22\x00\x01\
\x00\x91D\x00\x02\x00\x22\x89\x00\x04\x00D\x12\x01\x08\x00\
\x88$\x02\x10\x00\x10I\x04 \x00 \x92\x08@\x00@\
$\x11\x80\x00\x80H\x22\x00\x01\x00\x91\x14{\xe2\xaf\xff\
\xea\xfb\xd3\x9e\x9e\x7f\xa7\xf3\xbaf\x1d_\xffKi\xbb\
\xfaZ\xe7U\xed\xba\xbf\xf5\xb7\xd27o\xae\xf3*x\
b\xd9\xac\xc4;\xbb$1fL\xf5\xf7\xe1\xc3%6\
d\xa8\xc4\x06\x0d\x92X:m\x9a\x18\xa6\x8dQ,J\
%\x97\x93Jo\x8f\x94w\xed\x92\xf2\xb6mR\xda\xb8\
AJk\xd7J\xc5\xfcw\xa5\x90w\xfe6\xff\x8b\x0f\
\x19\x22\xc9\xe3O\x90\xd4\x09'J|\xd4(\x89\xb5\xb7\
\x9b\x8b\x09\xe7\xa3\x11T2\xdf\xdb\xeen\xfb\xbd,\xbc\
\xfb\x8e\x14W,\x97J_\x9f\xf3A\xff\x8be2\x12\
\xef\x1a%\x89\xd1c$\xd19R\xe2#FHl\xf0\
\x10S\xd7m\x22\xe6c1S\xbf\x95RI$\xd7o\
\xbf\xae\xf2\xae\x9dR\xde\xbaUJ\x9b7;\xf5\xbb\xd5\
\xd4o\xc1\xf9\xdb\x82\xcfw\xf5])\x9b\xf7\xb7\x18\xda\
\xf7\xbf\xd5\xf9A\x00\xd6!>l\xb8$'M\xb2?\
(\xc9\xf1\xe3\xcdk\xbditTC\xaf\xad\xcd\x04\x9f\
\xb9q\xa4R\x22\x09\xf3\x83\x13\x8b\x89\x94M\x11\xebM\
\xc4\x14j\xc5)\xe4J\xb7\x09\xc3\xee=R\xde\xbc\xc9\
\xdc4WHq\xe9{\xd5\x9b\xa7\xb9\x99\xfa\x92\xb9\x11\
\xa6N:Y2\x17\x7f\xaezs\x181\xb2\xfa\xf5\xea\
\xd7\xa9_cT\xe9\xf7\xd64`*{\xf6\xd8\x9bR\
\xe1\xcdE\x92\x9b\xff\xa4\x14W\xad47\xaf\x8a\xf3\x87\
\xfc%~\xc4\x11\x92\x9c<\xa5Z\xbf\xe3\xc6U\xbf\x97\
\x83\x07\xdb\x9b}\xac\xcd\xfc\xd2\x86[2)1\xf3K\
\xbf\xb7\x15\xf35j#\xee\x93\x86\x5c_\xafTzz\
\xa5\xbcgw\xb5~W\xae\x94\xe2{K\xaa\xf5\xdb\xd3\
\xe3\xfc+\x01\xe3\xd7\xfa65\x14\xe6\xf7\x9f\x00\x0cH\
\x00\xea\x0fBr\xc2\x04I\x9d>S\x92\xe6\x07$q\
\xd4Q\x12\x1f>B\xe2\xe6\xc6\xa17\x8bzU\xf2\xe6\
\xe6\xa9\xad:\xed\x15\xaeY#\x85\xc5\xefH\xfe\x8d\x05\
R\xda\xb0\xc1\xf4.Lh\xfa\x81\xb99\xa4g\x9d+\
m\xd7^'\xa9\x13\xa7\xda\x1b\x03\x0e\xac\xbcs\xa7\x14\
\x16\xbe!}\xbf\xf9\x95\x14L\xa3\xc67!hj4\
y\xdc\x04I\xcf0\xf5k\x82\xcf\x8eX\x0c\x1f\xee\xd4\
\xaf\xb9\xc9\xd7\xa9\x9277\xe4]\xbb\xa5dz%\xe5\
5\x1fKa\xc9b\xa7~\xd7\xfb\xa7~\x0f'\xc0\xf5\
\x1d\xf4\xf7\xbf\xd5\xf9\x91\xb8\xe3\xfc\xf3\xae\xec\x5c\xb9b\
\x86\xf3\xbaf\xe9Y\xe7Hj\xca\xf1\xce\xab\xda\xe5_\
\xf9\xad\x14?x\xdfy\xe5?\x1a|\xfaC\x91\xbd\xe6\
:\xc9^y\x95\xa4\xcf<[R\x13'U[\x88\xa6\
\xb7g\x878]\x88\x99^\xa2\xfe\xc0\xe9\xdf\x978\xfa\
h\x13\xb2\x13?i\x81j\xafB\x7f\xb5\xfa&\x9a:\
\xf9\x14i\xbf\xf1fIM\x9f^\xfd\x9aqP:$\
\x9e\xd0\xa1\xb3t\xaa:De\x1a7\xad\xa4\xbd\xb9\x94\
\x09<\xbd\xc9\xb4]uu\xb5~'O\xde\xa7~\xdd\
\x0d\xef\xc5\x12\xa6\xa7h\xea71R\xeb\xf7\x18IN\
t\xea\xd74\x0e\xc5\xf4P\xec\x88\x86\xf6`|,\xc8\
\xf5\x1d\xf4\xf7\xbf\xd5\xf9A\x00\x1eL,&\xc9c\x8f\
\x93\xecU\xd7\xd8\x9bG\xfa\x8c3%i\x0a\xac\xfaL\
\xa01s\x874\x0c\xb5E\xae\xbd\xcb\xe4\xf8\xe3$9\
\xd9\x04\xed\xa0\x0e)o\xdf&\x95\xde^\xe7O5\x97\
>\x13\xd1\xaf?s\xee\xb9\x84\xdf\x00i\xa3)>\xb2\
S\xca\x9b6Ji\xf5\xaa\xea\xf0U\x0bh\x83*k\
B\xaf\xcd4\xde>\xa9_\xed\xdd4\xb2~;L\xfd\
\x8e2\xf5{\xec\xb1v\x98U\x9f'\x96\xb7o\xf7\xed\
\xd0\x5c\x98\xea\xfb\xb3\xef\xffd\xfb,\xb7\xac\xcf\x09[\
t\xff8\x1c\x02\xd0\x87\x01\xa87\x89\xcc\xf9\xb3\xa5\xfd\
\xa6\x9b%s\xdey\xd5\x1b\x87i\xd97\xedY@,\
n\x83V\x0b9a\x0a91\xe6h\x11S\xc0z#\
i\xf6\xcd45\xed$\xc9\x5cr\xa9$\xc6\x8eu\xae\
` \xf4fZ\xee\xeb\xab>\x97\xd9\xb1\xc3\xb9\xda\x1c\
\xb6~/\x98-m\xb6~/\xb0\xcf\xf9\xec\xcd\xbdY\
\xf5k\x026\xd6nz%\xa6'\x9c0\x8d\xc8\xc4\x18\
S;:\x01l\xdb6\xdf\x0d\xcb\xa5\xa6N\x0b_}\
\x7f\xf2\xfe;\xf7\x0f\xd3\x10\x12\x9d@\xe3\xc3\xf7\xbf\xd5\
\xf9\xc12\x88\xfd$\xc6\x1e-\xed\xb7\xde.\xedw|\
YR3fJ\xfc\xc8a\x0dk1\x1f\x96i\xd1i\
\x11g\xce;_\xda\xff\xcd\xefK\xf6\x8a\xcf\xdb\xe76\
\xcd\xa4C\xb2\xfa9\xa0v\xa9\x89\xcd\x7f\xef\xe2\xe6\xdf\
k\xbb\xf1fi\xff\xe2\x97L\xaf\xef\xacj\xbd\xb4\xb2\
~\xbb\xbaL\xef\xea<i\xff\xd7_5\xf5{\xa5\x9d\
@\xe6'\xc9\x89\x93\xc2[\xdf\xfa\xfe\x1f5\xda6\x82\
\xda\xbf\xf2U\xc9\x5cv\x85y\xff\xcd\xfd\x0c\x9f \x00\
\xf72\xadc\xed\xedh\xf0\xe9\xb0\x91m5\xebl8\
\x1f\xd0\xd6\xbb\xb6\x92\xdan\xbe\xd5\xfeJ\x1c3\xaei\
\xad\xf9\x98.\xeb\xd0\x89\x12\xa8\x99.)\x88\x0f\x1e\xe2\
\xbcj0\xa7~\x07}\xf9_I\xdb5\xd7\x9a\xfa\x1d\
\xef\xaf\xfa\xd5\xe7\x90Z\xbf\xb74\xb7~\x0f'f\x02\
9\xec\xf5m\xdf\xff\x13N0\x0d\xfb\xdb\xcc\xf7\xe06\
_\xbd\xff\xadF\x00*\xd3BN\xcf<C\xda\xbf\xf0\
E\xdb\xdb\xb2\xbd>\xbf\x15\x88\xf9\x1c\xb55\x97\xbd\xec\
ri\xbf\xfd\x0b\x92\x9c4\xd9|\x8e\x8d\xff\xf6\xe9T\
x}\xb6\x80:\xe8\xec\xcaf\xbcwZ\xbf\xa7\xcf\xb0\
u\xa1C\x9fv\x02D\xabz}\x07\xa3\xf5;\xda\xd4\
\xef\xa5\xa6~o\xbd\xddN\xd6\xf0\xc3\xcfX\xac-\xeb\
\x9b\x86BC\xd9\xf7\x7fL\xf5\xfe\xe1\xa3\xf7\xbf\xd5\x08\
@\xbdy\x9cu\xb6i\x99\xde&\xa9\xd3fT'\x09\
\xf8X\xfc\x88#\xed\x90F\x9bi\xcd%\xa7Lix\
\x11\xdb5\x8b\xf9\xe0,\xd4\xf7\x95\xbe^\x91|\xcey\
\xd1 Z\xbfg\x9ee\xea\xe1\xf6`\xd4\xef\x91\xa6~\
\xcf\xd7\xfa5\x8d8}\xf6\xd3\xea\x9b\xb06\x14\x22\x14\
\x04\xbe{\xff[,\xda\x01h\xbe\xf9\xba.\xaa\xed\x86\
\x1b\xed\x22X;\xd1%\x00b\x1d\x1d\x929k\x96\x9d\
\xa4\xa3\x0b\xf2\x1bY\xc4\xba\x9e\xa8\xbcc\xbb\xf3\x0a\xb5\
(\xae_/%\x9d\xb8\xd4@\xa9SO\x93\xb6\xebn\
\x90\xd4\xc9\xa6~u\xa2K\x00\xe8\x90c\xe6\xecY\xd2\
v\xfd\x8d\xf6\x19s\xd4o\xc2\xcd\xc6\xfb\xff;\x91\x0e\
@\x9d\x01\xa6\xeb\xfbR\xd3\xcc\xcd#\x93q\xae\x06\x83\
\xb6\xf4\xd3&\x04\xb3\x9f\xbf\xcaN\xdci\x94\xc2\xd2\xa5\
v\x81\xbe_w5\xf1-\xf3~\xe9\xee>\xa5uk\
\x9d\x0b\xdeKM\x9bf\xc2\xefz\xbb\x8e-\x96\x09F\
\xe3m/;Su\xd69\x92\xbd\xf2\xea\x86\xd6/\x0e\
\x8c\xf7\xbf*\xb2\x01\xa8\xdft\x9dU\x99\x9e~Z`\
z~\xfb\xb3=\xc1\x0b\xe6Hf\xce\x85\x0d\x9b\x1dZ\
^\xbbF\xf2\x0b\xdf\xb0\xdb|a\xe0\x8a+WHa\
\xd1\xc2\xea\xd4\xf3\x06\xb0\xcf\xd3.\xbb\xc2>\xfb\x0bJ\
\xcfo\x7f\xb6'2\xbb\xb1\xf5\x8b\x83\xe3\xfd\x8fh\x00\
\xea\x1a\xbb\xcc\x85\x17I\xfa\xecY\xbe\x7ffr8:\
\xa6\x9f\xbd\xf42;\x94\xdb\x88 \xd7\xe7\x7f\xf9\xe7\x9f\
\x93\xfcK/Hy\xf7n\xe7*\x0e\xa5\xbce\x8b\xe4\
\x1e\x7fT\x0a\xef\xbc\xd3\x90u\x9b\xba\xc6+s\xe1\xc5\
\xa6~\xcf\x09E\xfd\xea:<\xfb\xfc2`\xa30a\
\x10\xf5\xf7?z\x01\xa8\xcf\xfd\xce:\xdb\xb6|\xecl\
\xcf\x10\xd0\xd9]\x99K/\xb7;?4b<\xbf\xb4\
y\x93\xf4\xcd\xbd_\xfa\xe7\xcd\x95\xd2\xc6\x8d\x0c\x87\x1e\
\x8c\x0e{\xaeX.\xbd\xf7\xfeB\xfa\x9f~\xca\xee\xdc\
\xdf\x08:\xe9\xc5\xb6\xdaC\xb2\xa6+9f\xac\x9d\x9d\
hg6\xa3\xe9\xa2\xfc\xfeG.\x00\x93\xe3\x8f\xb5\xc3\
\x86\xbao^h\x1e\xfe\xc6\xe3v\xbfR\xddUA\xf7\
x\xf4\x9c\xb9\xb1\xebs\xc0\xbe\x07\x1f\x90\x9e\xef\x7f\xd7\
\xfc>W\x8a\x1f.\xab\xeeS\x1a\x94\x0d\x8f\x1b\xc5\xf4\
\xf0\xec\x06\xd8\x8b\xdf\xb5\xc1\xd7\xf3\x83\xefIn\xfe\x13\
\xf6\xc8\x9aFH\x8c\x1bgg\xf1\xd9\xb5\x5c:\x831\
\x0c\xb4~\xa7Ns\xeaw\x84s\x11M\x13\xe1\xf7?\
R\xa7A\xe8\x1e\x8dv1\xee\x0d7y?\xe6mn\
\x84\xda;*.\xff\xc8\x84\xc5\xc7\xf6\xd9Oy\xf7.\
\xb1\x11\x9bL\xd9\xf1v\xbba\xed\xb8\xf1v\xf7\x09\xdb\
z\xf7\xf8\x06\xa6!\xd5\xf3\xc3\x7f\x96\xdcK/4,\
\x98t\xcd\x94.\x8eO\x0c\x1fa\x9fA6\xfa\xb8\x18\
\xdd\x8bU\xf7\xb1\xacW\xdf\xbc\x07\xa5\xb0\xe05\xe7U\
\x03\xe8qH\xf9\xbc\x94Mc\xa0\xbce\xb3\x0d\xc3F\
mW\xa7\xef}\xdb\x8d7\x99\xfa\xbd\xd9\xfb\x1b\x95\xd6\
\xef\xfauR\xfc\xe8#)\xae]#\x15\x13\xe0\x95\x9e\
n{\x8cW\xcc\xa9_\xdd\xdfT7\x88\xd0\x99\xc7v\
\xad\xa1\xc7k\x1cK\x1f\xaf\x96\x9e\x1f\xfdP\xf2/\xbd\
h\xfe\xdd\xe6l\xf9\xe7\xf6\xfe\xd5\xf0\xfa\xd2m\x11\xf5\
g\x8e\xf7\xff\x808\x0e\xa9\x06\xa9\xa9S\xed\x96@\xe9\
\xd3N\xf7,|t\x93\xdf\xc2{K$\xff\xfakR\
2\xe1g\x83Owa\xef\xd5\xf5s\xd55`z\xa8\
\xa8h\x11\xb7\xb7K|\xc8\xd0j!\x1f\x7f\xbc\x9d\x8a\
\x9c8n\x82w\x0bq\xcd\xcd\xaa\xef\xb1G\xa4\xef\x9e\
_H\xc9\xdc\xc4\xc2 H\xf5\xd5hI\xd3\xcb\x1f\xf4\
\x95\x7fc'\xbexV\xbf\xfd\xfdRX\xf2\xae\xddS\
\xb1\xb4|\xb9\x94t\xe3\xe4\xdd{\xaa\xeb?\xf5\xa0f\
=I\xc0\xdch\xedM\xf8\x93\xfa\x1di\xd7\x90\xe9\xa3\
\x04]P\xed\xd9\x0cTS\xbf\xfd\x8f=*\xbd\xf7\xfc\
\xbci\xf5\xeb\xfb\xfa\xd2\xc6\xe5\x81\xde\xff\xc9S\x9c\xf7\
\x7f\x92w\xcf\xfe#\xf8\xfe\x87d\x0c\xe5\xf0\xb4\xa7\x92\
\x9eyfu\x9c\xdb\x8b\x9b\x87\xb91\xe84\xf7\xde\x9f\
\xfeXz\xee\xfa\x81\xf4?\xfa\xb0\xe4\x17-\xb4\x07\xa1\
j\x08\xea\xa1\x95\xb6\x17f~\xe9\x89\xcd\x1a\x94:9\
B{\x88\xf9\xd7_\x95\xfe\xb9\x0fH\xf7w\xbf-}\
\xbf0\xc5fZ^\x9e<W3?(\xf6k\xd4\x05\
\xae\x1e\xb7\x0e\xd1b\xc9d\xf5,\xbf\x86\xd4\xef?\xdb\
\x1b_\xfe\xcdERZ\xbd\xda\xae\xfb\xac\xf4\xf7U\xeb\
W\xeb\xd2\xf4\x0e\xf54\x01\x1d\xd6\xd5g\x9c\xf9\x05\xaf\
\xdb\xe7\xc1=\xdf\xfb\xce>\xf5\xeb\xc1\x91;\xa6fS\
3fT\x9feS\xbfU\x07|\xff_3\xef\xff\x83\
\xd2\xf3O\xdf5\xef\xff\xbfTO\x1c\xf1\xe2\xc8\xa3\x08\
\xbe\xff\x91\x09\xc0\xc4q\xc7Ir\xea4{\xfc\x89[\
\xda:\xee\x9f\xff\x84\xf4\xfc\xe8.\xe9\x7f\xfc\xd1\xea\xf3\
0=wk\xa0!f\x8a\xb5\xbcs\x87}nd\x9f\
\xab\xe9\xb0\x83\xb9\xa9\xe8i\xf1n\xe90\xab.\x8aN\
tv:W\x10\x06IS\xbf\xba\xd7\xa7'\xf5kz\
}\xb9g\x9f\x91\x9e\x9f\xfc\xc86\xdct7\xfd\xda\xeb\
w\xa7\x1d\xf9\xd0\xd6w\xcfO~,\x85\xb7\xde\xb2\x0d\
=\xb7\x12#;%u\xeatS\xbf]\xce\x15|F\
\xb9b'X\xd9\xf7\xff!\x13\x84\xe6\xfd\xcf\xbf\xb5\xa8\
\xdacw)j\xef\x7fd\x02P\x17\xbb\xeb\x19Yv\
H\xc1\x05]\x0a\xd0\xff\xc8\xc3\xd2w\xef=\xa6\xe8\xde\
\xb4\xcf~\xea\xee\xbd\x99\xff\x9f\x9e\xf5\x97\x7f\xf5\xb7\xd2\
\xfb\xb3\xbb%\xff\xdbWl\xb8\xbabz\x07\xa9SL\
\x01\x8f\x1b\xef\x5c@\x18T\xeb\xf78\xd7\xbd\xbf\xca\x1e\
S\xbf&\xf4z\xef\xf9\x17)\xbci\xeaW\x97\xb6\xb8\
\xaa\xdf\xedv\xf8\xb4\xe7\xee\x9f\x98\xfa}\xd9}\xfd\x9a\
\x9eG\xfa$\xd3\x80\x1b7\xce\xb9\x80\x83\xda\xfb\xfe\xeb\
\xfd\xe3\xee\x9fJ\xfee\xf3\xfe\xbb=\xf7/b\xef\x7f\
$\x02P\x8f`\xd1}3\xdd.{\xd0\x1f\xee\xdc\xfc\
'\xed\x92\x80\xe2*\xef\x0e:\xad\xe4rR|\xff=\
\x13\xaa?\xb7\xc3\x1b{\x9f\x1d\xd6+1f\x8c\xe91\
L\x08\xfc\x1a1T\xc5\x8f8\xc2\x0eK\xb9]\xf6\xa0\
u\xa6\xcb3l\xfd\xaeX\xe1I\x8fA\xe9p\xa9\x9d\
\x05{\x8f\xa9\xdf\x85\x0b\x5c\xff\xbd\xf1\xb1cm\xd8\xeb\
zG\x1c^\xf59\xeeb;\x0bY7\xadp\xbbw\
o\x94\xde\xffH\x04\xa0=\x14R\xb7\xfbI&\x9d+\
u(\x97%\xf7\xe2\x0b\xa6\xf7\xf7\x90\x94\xd6\xad3\xaf\
\xbd\x9deY1aZ\xf8p\x99\xf4=`nN\xef\
\xbdg\xff\xbdz\xe9\x03s}H\x9e\xe8\x1a\xe5\x5cA\
\x90%\xf4LF]\xb6\xe3\xb2~\xf3/\xbfdG/\
Jk\xd7V\x9f\xefy\xc9\xd4\xaf>\x0a\xe8\x9f;W\
\x8aK\x97\x9a\x82vS\xbf\x19\xdb`\xd5\x03u1@\
\x9f\xbc\xff\x0f\xd8\xc64\xef\xff\xc0D\x22\x00\xbd8\xf4\
\xb2\xf8\xc1\x07\x92{\xe6))\xda\x07\xce\x8dYb\xa0\
7\xa5\xe2\x92%\xa6\x95>\xbf\x1a\xb2.$'L\x90\
87\x90P\xd0\xe7\x7fnoF\xb6~\xe7?)\xa5\
\x95+\xbd\x0f\xbf\xbd\xb4\x11\xf7\xee;\xb6\x97YZ\xb7\
\xde\xb9X\x1f\x9d\x1d\x1d\xef\xe29`M\xf4\xfd_\xfc\
\x8e\xe4x\xff\x07,\xf4\x01\xa8S\x84\x13c\xc6J|\
\xe8P\xe7J\xedt\x06g\xee\xc5\xe7M8-\xb6E\
\xd6H:\x11F\x9f\xa5\x14\xdey\xdb\x0eY\xd5+n\
z\x7fz\xd3\x8c\xa5\x22p\xd6Y\x88\xe9\xf6T:z\
\x11\x1fz\x84s\xa5vv\xd2\xcb+\xa6\xa6\x96\xbc\xeb\
\xd9\xb0\xe7\xc1\xe8p\xa8\xad_\xf3\xb3\xe2fR\x8c6\
Xu\x04C\xcf\xa3\xc4\xc0\xd9\xef\xb5}\xff\xdd}\xaf\
\xa3\xf2\xfe\x87>\x00u\xcd\x8c]4\xec\xe2\x1b\xa9\xb3\
\xe44\x90\xec\x84\x97&\xd0e\x14\xfa,\xd0\xcdI\x02\
z\xe3\x8c\x9b\x22\x8e\x0d\xe14\xf7 \x8bwv\xda\x99\
y\xa2\x1b\x0e\xd4\xa9\xf8\xde\x12)\xbc\xb9\xa8i{\xb9\
\x96\xb7n\x91\xfck\xafVO\x11\xa9\x93\xad\xdf\xd1\xa3\
%\xe6\x22\xf8\xa3J\x97K\xf0\xfe\x0fL\xf8\x03\xb0\xb3\
\xcbN\x22\xa8\x9b\xe9\xf1\xe9\xfa(]\xdfW\xf7l\xb9\
Z\x99\x7fG\x87\x92J+\x96\xdbg7\xf5\xd2\xa9\xcc\
nz\x0eh=\xad_W7![\xbf\x0b\xed\xfa\xb1\
\xa6\xd5\xaf\xa9\xd9\xc2[\xe6gf\xf9\x87\xae\x86[\xab\
\xf5[\xff\xc8Md\xd9\xf7\xffM\xbb\xab\x0f\xef\xff\xa1\
\x85>\x00\x13#L\x0f\xd0\xc5\xda\xa9\xd2\xa6MR2\
\xe1g\xd7I5\x91No\xd6\x02.\xef\xd8\xe1\x5c\xa9\
\x9d\xf6~c\x1e\xac\x1bC\xeb$\x86\x0d\x93\xf8\xe0\x0e\
\xe7U\xed\xf4@\xe3\x92\xce\xf8\xec\xe9q\xae4\x87\xd6\
mI\xebw\xa7\x8b\xfa\x1d6\xdcn\x01\x86\xdaU\xdf\
\xff\x0f\xdd\xdd?\x22\xf0\xfe\x87\xbf\x07hz\x7fn\xa6\
\xf3\xea.\x0b\x1a\x82Mk=\xefeZq\xc5\x8fW\
Ky[\xfd\x9b*k\xeb\x8d\xa9\xe4\xc1\xa6Kwt\
\xcf\xd5z\x15W\xafn]\xfd\x9a\x86ci\xcb\x16\xe7\
B\xed\xe2\xc3\x8e\x94\xf8\xa0\xfa\xbf\xf6H\xb3\xef\xbf\xb9\
w\xf1\xfe\x1fR\xf8'\xc1\xe8\x86\xcd.\xf6\xca+m\
\xdc \x15\x17\xad(7\xca\xeb\xd7\xdb\x9e`\xbdb\x1d\
\x83\x03{X*\xaa\xdc\xd6o\xd9\xd4\xaf\x9b^\x98\x1b\
\xe5\x8d\x1b\xa5\xe2\xe2\xdf\x8e\xe9\xcd\xb7\x01g\x5cFE\
y\x93\xb9w\xf1\xfe\x1fR\xf8\x030k\x02\xc0\xc5f\
\xd3\xe5\x1d;\xa5\xdc\xd3\xdc\xe1\xcf\xbd\xf4\xc6\xe5f\xe8\
Jo\x9c\xf6\xb4\x06\x04\x97\xd6n\xb2\xfe\xef\xa1\x0e\x81\
5{\xf8s/\xbb\xa7\xa8\x8bG\x07:\x11#\x96b\
\x16h\xbd\xaa\xdf{\xde\xffC\x09}\x00\xea\xec\xcf\x98\
\x8b\x8d]+\xbd=\xae\x96#\xb8\xa1\xdb\x1a\xb9\xda\x15\
F\xc3/\xc9\xa6\xc2AfO\x0aq1\x83\xd9\x9e\xea\
\xd0\xb2\xfa\xd5\x7f\xdb\xc5\xb2\x8b\xb4\xd6/\x01X/\xde\
\xff\xc3\x0b\x7f\x00\xc6c\xe6.\xe2b\xffO}v\xd2\
\xe4\xc7'{\xe9:\x1e]\xd7S\xf7L\xae\x16~\xee\
\xf0\x886\xe0\xdc\xec\xff\xa9\xebV\xcb\x1e\x9c\x14P\x87\
J\xb1P\x7f\xed\x1az\x0e!\xa7B\xb8\xa0\xdfw7\
\xa7th\xdd\xc5\xc2\x1d\x11\xe1\x0f@-\x02\x177\x00\
]\x08\x1aK\xb4\xe8m*W\xec\x10R\xdd-x\xd3\
{\x15\x0fN\x98@\x0bi\xe3\xcdu\x03\xaeU-8\
S\xbfnZ`\xe6\xeb\xd6\xff\xa1N:|\xe9\xa6\x01\
\xa1\x8d\xa7F\xed\x1a\xe4\x13\xa1\x0f@\xdd\x18V\xf7\xd9\
\xac\x97N\x03n\xe5D\x12\x9d\xc6\xae\xcfR\xeaQ\x5c\
\xbf^J.&\xd1\x00\x08.;\x09N\xe7@\xd4+\
oz\xf0.\xee\x9dA\x10\xfe\x00\xd4\xe3A\x5c<G\
\x8b\x0fo\xedZ\x98\xc2\xd2\xa5\xd5\x1d\x1djm\xc5\x9b\
?\xaf\x07\x9e\xba\xd9M\x06@p\xd9{\x97\x8bu\xc0\
\xfa\xf8\xa5\xd1[\xe7\xb5Z\xf8\x03p\xf7n\xfb0\xb8\
^v\x1f\xc6\xe1#\x9cW\xcdW^\xbb\xc6\x1eqR\
\xda\xbc\xd9\xb920\xc5\x95+\xa4\xb0h\xa1\xddV\x0d\
@\xf4$\xc6\x8e\xb5\x8b\xd9\xebU\xde\xbd\xab\xda\x81\x08\
\xb1\xd0\x07\xa0.%p\xb3\x8cA\x0f\x96M\x1c5\xda\
\xbcS\xady\x18\xafC\xb8\xf9\xe7\x9f\x93\xfcK/\x0c\
x/\xc7\xf2\x96-\x92{\xfcQ)\xbc\xf3N\xe8\x87\
0\x00\x1c@2i\xcf\x04Mtv:\x17jW\xd9\
\xeen\x19K\x10\x84>\x00\xb5\xe7T\xde\xb5\xcbyU\
;\xddF-9\xe5xI\x8c\x1c\xe9\x5ci\xbe\xd2\xe6\
M\xf6\x10\xd3\xfeys\xa5\xb4q\xa3\x1d\xde< \x1d\
\xf6\x5c\xb1\xdc\x1e\x8c\xa9G\xd2\x94w\xedt>\x00 \
Jt\xe4\xca\x1e\x8a\xdd\xde\xee\x5c\xa9]i\xdb\xd6\xa6\
\x1d\x00\xd0*\xe1\xef\x01\xba\xdc\x8dBg\xa2\xa5g\xcc\
\x90\xe4\xa4I\xe6\xbf[\xf4v\x99`\xd3\xe7\x80}\x0f\
> =\xdf\xff\xae\xf9}\xae=\xfc\xb2b\x8aS\xd7\
\x09\x96w\xee\xac\x9e\xc8m\x82\xaf\xe7\x07\xdf\x93\xdc\xfc\
'\xec\x8e\xf0\x00\x22(\x1e\xaf\xde\xb3&N\xb4\xf7\xaf\
\xba\xe8=g\xc3\x86\xba'\xe0\x05E\xf8\x03\xd0\xf4\x82\
\xb4\xd7\xa4\x0b\x82\xeb\x95\x18=FRg\x9c)\x89\xa3\
\xdc\x1d\xaa\xeb\x8a)\xc8\xb2\xe9\xcd\xeaYk\xbd\xf7\xfe\
\x5c\xba\xff\xe1\xefd\xf7\x7f\xfb\xcf\xb2\xfb\x9b\x7f#{\
\xfe\xfb\x7f\x91\xee\xef~[\xfa~\xf3+\xc9/\x5c\xe8\
\xaa\xc7\x0b \xd84\xf8\xd23f\xba\x9a\xbb\xa0\x8f[\
\xca&\x00y\x06\x18t\xc5\xa2\xdd\xd0\xdaU\x8f(\x99\
\x94\xf4\xacsm\x08\xc6\x06\xb5vsi}&\xa8\x85\
\xa9=\xbe\xfc\xab\xafH\xfe\xe5\x97$\xff\xfakv\xc6\
\xa7\xfd\x1ay\xe6\x07DV|\xd80\xc9\x5c\xf49I\
\x9e8\xcd\xb4\xdc\xeb\x9f\xb7PZ\xbb\xc6>zi\xd5\
&\x0a\xcd\x12\xfe\x004\x8a\x1f}h\xd7\xd3\xb9\x91\x18\
1B\xb2\x97_!\xa9S\xa7s\xca:\x00\xdf\xd1\xbd\
\x7f3s.\x92\xcc\xf9\xb3]\x1d\x01\xa7\xf4\x11Ki\
\xbd\xbb{f\x10D\x22\x00\xf5\xf9Yi\xd5*W\xc3\
\xa0:\x96\x9e\x9c0Q\xdao\xbcER\xd35\x04S\
\xce\x07\x00\xa0\xb5t\xb3\x8e\xcc\x85\x17I\xf6\x8a+%\
\xd1\xd5U\xff\xb3?\xa3\xb2g\xb7\x09\xc0\x0f\xa5\xbc=\
\xfcK\xa8\x22\x11\x80\xba\xa0\xb3\xb0t\x89\x1d:tC\
C/9m\x9a\xb4\x7f\xf1K\x92>\xf7\xbc\x96\x0f\x87\
\x02\x80\x9e\x19\x99\xbd\xea\x1ai\xbb\xe9\x16I\x8c\x1f\xe7\
j\xe8S\xe9A\xdc\xa5\xd5+E\x0a\x05\xe7JxE\
\x22\x00\x95\xae\x89+,\xffP*%w\xcf\xc8tw\
\xfe\xd4\xd4\xa9\xd2~\xc7\x97\xa5\xed\x86\x9b\xecbS\xbb\
i,\x004\x93\xb9\xef$'O1\x0d\xf2;\xcc\xbd\
\xe8FI\x8e?\xb6\xba\x81\xb8\x0bv\xdd\xf1\xa2E&\
\x00W;W\xc2-2wn\xed\xce\x17\xdez\xd3\xf4\
\x027:W\x5c0E\xa6kl\xda\xae\xb9V:\xfe\
\xe8k\xd2v\xf55\x92\x183\xc6\xd5\xb1K\x000 \
\xc9\xa4$\x8e=N\xdao\xbd]:\xee\xfcC\xc9\x5c\
r\x99$\xbaFy\xd2\x10/}\xf4\xa1\x14\x97\xbc\x1b\
\xfa\xf5\x7f{E\xa7\xebR.K~\xc1\x02;\x14j\
\x8fiq+\x16\x93\xf8\x88\x91\x92>\xe3\x0ci\xbb\xf5\
\x0b\xd2\xf1\x17\xdf\x90\xf6\xdf\xbf\xd3\x14\xe3\xa5\x92<\xfe\
\x04\xfb1\xbb\x896\xbdC\x00\xf52\xf7\x0f\x9d\xdc\xa2\
;\xba\xa4\xa6N\x93\xec\xe5\x9f7\x8d\xee?\x91\xc1\x7f\
\xf6\xe7v\x04J'\xe5\xd9\x09/.\x9e\xf9\xed\xa5\xa7\
\xce\xe4_{U\x8a\xcb?2/Zt\x82H\x93\xc5\
\x9e\xf8\xeb\xbf\xfa\xfe\xb4\xa7\xe7\xdf\xe9\xbc\xaeY\xc7\xd7\
\xff\xd2\xf4\x80\xaeu^\xd5\xae\xfb[\x7f+}\xf3\xe6\
:\xaf\x1a\xcc\x14Sf\xce\x85\xf6\x19\x9e\xf6\xe0<e\
\x02VO\xde\xb6[\xaf\xe9\xfe\xa3:\xe1\xc6\x9eDQ\
\x90\x8a\xee\xaa\x9e\xeb\xb7\xd7t]\xa2.W\xd0\x1dj\
Jk\xd7Je\xdbV\xa9D`\xac\xbd^\x81\xaa\xaf\
\x06\x08\xfa\xd7\xef\xf7\xcf\xdf\xed\xe7ggK\xba\x9c[\
pH&\xd8\xec\xc8R:-\xf1A\x83\xec\xe6\xd6\xfa\
\xcc\xcf6\xae=\x08\xbd}\xe5\x17\xbc.\xbdw\xffD\
\x0a\xef-i\xda\xf2\x87V\xd7G\xe2\x8e\xf3\xcf\xbb\xb2\
s\xe5\x8a\x19\xce\xeb\x9a\xa5g\x9d#\xa9)\xc7;\xaf\
j\x97\x7f\xe5\xb7R\xfc\xe0}\xe7U\x83\x99VMe\
\xc7v\xbb\xa4!y\xcc8{\xe4\xbfg\xb4P\xcd\xdf\
\x17\x1f:\xd4\xb6\xd6t\xf1|\xe2\xe8c\xec\xbf\x93\x18\
?\xde\x8e\xcf\xeb,\xd2\xe4\xa4)\x92:\xf1DI\x9f\
|\xaa\xa4g\xce\x94\xd4)\xa7Hb\xccX{\xe8i\
E\xf7,%\x0c?%P\xf5\xd5\x00A\xff\xfa\xfd\xfe\
\xf9\xbb\xfd\xfc\xf4\xc4\x85\xe48\xf3\xf3\xdd\xb0_\xe6\xfe\
a\xee#z?\x89\x8f\x1ci{{v\x06\xba\xc7\xe1\
\xa7\x9b\xe6\xf7\xcd{P\x0ao,0\xf7\xa0\xe6\x9d\x00\
\xd1\xea\xfa\x88\xdc\xf8\x9cn\x1b\xd6\xff\xf4|\xd3\xcaY\
,M9\xec\xd1i\xc1i8\xea\xacQ]\xa8\xaa\x81\
\x97\x9c<Y\xd2\xa7\xcf\x90\xccE\x17K\xfbM\xb7\xc8\
\xa0?\xfa\x9a\x0c\xfe\xb3\xafK\xdb\xb5\xd7\xdb}\xfc8\
\x09\x1b@3\xe8\x08T\xee\xc5\xe7\xa5`z\x80\x95\xbe\
p\xef\xfc\xb2\xbfH>\xa0*-_.\xfd\x8f?f\
\x8f\x0cj\xb5X\xda\xf4\x1aM\xcb.u\xc2\x09\x92\x9e\
=G\xdan\xbb]:\xfe\xf4\xcf\xa5\xed\x96\xdbL\xaf\
q\xbc=\x91\x1e\x00\x1aE\x8fM\xeb\x7fj\xbe\x946\
y0A0`\x22\x19\x80\xda\xe2\xd1\xf1\xee\xfe\xa7\x9e\
\xac\x9e\xae\xe0\x13\xba\xc4\x221\xea(\xdb3l\xbf\xe1\
F\x19\xf4\xc7_\x93\xec\x95W\xdb\x80\x04\x00\xaf\xe9.\
Y\xfd\x8f=*\xa5\x0f\x975gD\xccg\x22;E\
QOR\xc8=\xf5\x94\xe4\x9e}\xca\x7f;\x9e'\x12\
\xd5\x19\xa6\xa7\xcd\x90\xb6[o\x93A\xbf\x7f\xa7\xdd\xdc\
\xd6\xd3g\x96\x00\x22\xad\xb4n\xad\xf4?4O\xf2\x0b\
\x17\xd8\xcdB\xa2(\xd2s\xf4\xcb[6\x9b\x02xH\
r\xcf<m\x9f\x0d\xfa\x8e\x09B=\x8c7s\xde\x05\
\xd2\xfe\x95\xafJ\xe6\xb2+\xec3D\x00pC\x87;\
\xfb\xe7=(\xb9\x17\x9e\x93\xca\x00\x0f\xda\x0e\xa3H\x07\
\xa0*\xad_'}\x0f\xdcgz\x83O\xf8\xf6\xec+\
\x9d\xf2\xac\xcf\x08\xdbMo\xb0\xed\xe6\xdb$q\xcc8\
\xcfg\x81\x01\x88\x06=\xe9\xa1\xff\xbe_K\xff\xfc'\
\xa5\xbc=\xdc\xe7\xfd\x1dN\xe4\x03\xd0\x1e\xfc\xb8v\xad\
\xf4\xddw\x9f\xf9\xf5\x1b)\xad[\xe7|\xc0g\xe2q\
;\x15:{\xd9\xe5v\x07\x08W\x87]\x02\x88$\xdd\
\xe4\xba\xf7\x97\xf7H\xff\x93\xa6\xc1\xbf\x8dC\xb3\x09@\
\xa5!hz\x82\xfd\x8f<,\xbd\xf7\xfcKu]\x89\
O\x1f\x08\xc7\x8f<R2\xe7_`w\x9fI\xea\xfa\
\x19B\x10\xc0\xe1\x14\x8bv\x97\x97\xde\xff{\xb7\xe4\x9e\
}V\xca;v8\x1f\x886\x02p\x1f\xba_h\xee\
\xb9g\xa5\xe7GwI\xee\xf9\xe7\xa4\xd2\xed\xcf\xfd\xf0\
b\x83\x07K\xe6\xecY\xd2v\xfd\x0d\xde\xefh\x03 \
T\xec\x22\xf7\x07\x1f\x90\x9e\x9f\xfd\xc4\x1e\x9e\xad\xc7\x1d\
\xa1\x8a\x00\xdc\x8f\xce\x0e-\xbc\xb9\xc8\x14\xcbO\xa5\xc7\
\xb4\x96\x8a\x1f| \x15\x1f\x9e\xb2\xae\x8b\xea3\xb3\xce\
\x95\xecUW\xdb\x9d\x22\x00`_\xf6d\x87\x85\x0b\xa5\
\xe7\xc7wI\xef\xaf\xee\x95\xe2\xfb\xefK\xa5\xdf\xc5\x99\
\xa8!D\x00\x1e\x80\xae\x13,\xadZi\x17\xcbw\xff\
\xd3w\xa4\xef\x97\xf7Hi\xf5*\xdf\x0d\x8b\xda\x9e\xe0\
\xec\x0b%s\xc1\x1c\xbb? \x00h\xf0\x15\x16/\x96\
\xde\x9f\xfeXz\x7f\xf8\x03\xc9=\xfb\x8c\x94u\xbds\
\x04\xd7\xf9\x1d\x0e\x01x\x08\x95]\xbb\xa4\xf0\xce\xdb\xd2\
w\xffo\xa4\xfb\xdb\xff =\xff\xefgv\xa3X?\
\xad\x99\xb1\xcf\x04/\xbdLR\xa7\xcf`\x9d \x10a\
:\xb4\xa9{y\xf6\xfe\xf0.\xe9\xf9\xfew\xa5\xff\x91\
\x87\xa4\xf0\x81\xe9\xf5\xf5Fk{\xb3Z\x10\x80\x87S\
.\xdb\xd3\x1b\xf2\xba]\xd0\xdc\x07\xa4\xe7;\xff(\xdd\
\xff\xf8wv\xe3X\xdd\x09\xde\x9e\xfa\xd0b\xc9\xb1c\
%{\xf9\x15\x92\x9c4\xd9\xb9\x02 \xf4*\x15);\
\x8d\xf4\xde{\x7f!{\xbe\xf5\x7f\xa4\xfb\x07\xff$}\
\x8f=,\x85%\x8b\xed\xc7\x9au\xaaCP\x11\x80\x03\
\xa5A\xb8c\xbb\xed\x01\xe6\x9e~Z\xfa~\xf1/\xd2\
\xfd\x0f\x7f'{\xfe\xf7\xff\x90\x9e\xbb~ }\x0f\xcf\
\x93\xfc\x1b\xafKq\xc5r;\xbdX\x8fF\xb2\xcf\x0e\
\x9bq\xaeV<n\xcf\x0a\xd3\x9d\xd5\xe3#F8\x17\
\x01\x04\x9e\x1e\xb3\x96\xcb\xd9\xc5\xea\xe5M\x9b\xec\x9c\x84\
\xfc\xcb/I\xdf\x03\xf7K\xf7\xf7\xbe-\xdd\xe6\xfe\xd3\
\xfd\xbd\xefH\xdf\xaf\x7f%\xb9\x97^\xa86\xca\xf50\
\xdbf\xdcwB Z\xe7\x016B2)\xb1\xf6v\
\x89w\x0c\xb6\x13SbmY\x89e\xb2\xf6\xba\xee\xe4\
\x12K\xa6$\x96\xcdH\xcc|<\xd1\xd5U=\x22i\
\xc2D{\x8c\x8a\xd7'>\x94>^-=?\xfa\xa1\
\xe4_zQ*%\xffM\xdc\xa9G\xd4\xeb+\xe8_\
\xbf\xdf?\x7f\xb7\x9f\x9f=Bh\xc1k\xce\xab\x060\
AV)\x99^\x9c\xfe<\x9b\x06uE\xcf\x15\xed\xed\
3\xbfz\xec\xa9\xedv\x04*\xc0\xbd\xbcV\xd7G\xb4\
\xce\x03l\x04->m\xa1\x99b\xd4e\x14\xdaJ\xd3\
5\x85\xba\xdbB\xe9\xe3\x8f\xed\xe4\x99\xa2\xf9UZ\xb9\
B\x8a\xcb\x96Iq\xc9b)\xbc\xfd\x96]|\x1f\xd7\
#\x92\x86\x0c\xf5\xec\xc4\x07\x0da\xfd\x81(\xaeZ\x19\
\x9a\xed\x8d\xa2^_A\xff\xfa\xfd\xfe\xf9\xbb\xfd\xfcr\
\x0f?d\x17\x95\x97V\xafn\xcc/\xd3\xa8-\xad1\
\xf7\x91uk\xa5\xb4a\xbd\x947o\xb6k\xf8*\xdd\
\xce\xd9\xa1\x01\xef\xe9\xb5\xba>\x18\x02m4-PS\
\xa8\xf6\xb4\xf8-\x9b\xa5\xb8\xfc#\xbb\x16\xa7\xff\xc1\xb9\
\xd5\xa1\x8b{~n\x8b\xdc\x93V\x9c\xe9Q\xa6f\xcc\
\xb0g\x0dz\xdd\xbb\x04\x80\xb0!\x00[A\x9f'\xee\
\xdca\x1fT\xf7\x99 \xb4\xc3\x96\x0b\xdf\x90J>\xe7\
\xfc\x81\xfa%FvJ\xea\xd4\xe9\x92\xe8\xecr\xae\x00\
\x00\x0e\x84\x00l%\xd3;\xd4a\xd3\xfc\xab\xafH\xef\
\xdd?\x91\xfc\xcb/\xbb\x9fUjz~\xe9\x93N\x96\
\xc4\xb8q\xce\x05\x00\xc0\x81\x10\x80>\xa0\x0f\xb6\x0bK\
\xdf\xb3\x9b\xd4\xda\xad\x8a\xcck7\xe2c\xc7J\xf2\xd8\
\xe3$\xd6>\xc8\xb9\x02\x00\xd8\x1f\x01\xe8\x17\xa5\x92\x9d\
\xc2\xdc7\xf7~\x13\x86K]=\xdc\x8e\xa53\x92\x9c\
2E\x12\xa3F9W\x00\x00\xfb#\x00\xfd\xa4X\xb4\
\xb3DsO?eg}\xb9\x918n\x82\xc4\xbbx\
\x0e\x08\x00\x07\x13\xb9\x00\x8c\x0f\x19\x22\xe93\xce\x94A\
_\xfeW2\xf8\xdf\xff\x07\x19\xf2\x1f\xbf)\x83\xbf\xf1\
\xef\xec\x19{\xba\x98\x5c\x0f\x9fm%]\xf4\x9a\xff\xed\
\xcbRx\xe7\x1d\xbb\xa7_\xbd\x12]\xa3\xec\xbaC\xaf\
\x96X\x00@\xd8D'\x00u\xb7\x94SN\x95\xf6\xaf\
\xfe\x81\x0c\xfa\xfd;%{\xdd\x0d\x92\xb9\xf8\x12\xc9\xcc\
\xb9P2\x97\x5c*m7\xdd,\x83\xfe\xf8k\xd2~\
\xc7\x97\xed\xf33i\xe19{\xba\x93L~\xc1kv\
-a\xbdb\xd9\xac\xc4G\x8f\x91\xd8\xd0#\x9c+\x00\
\x80}E#\x00M\xf8\xa5g\x9dk\xc3-{\xd1\xe7\
\xec\x9e\x99\xba\x89t,\x9d\xb6\xb3&u\xe7\x96\xf8\x88\
\x91\x92:q\xaad?\x7f\x95\xfds\xa9\x13Nl]\
\x08V*Rx\xfbm\xbb\xad\x9a\x9b\xf5\x81\xba\x14\x22\
>t\xa8\xf3\x0a\x00\xb0\xafH\x04`\xea\xa4\x93\xa5\xed\
\xaakl\x0fP\xb7+;\x94\xf8\x11GH\xfa\xecY\
\x92\xbd\xf2*I\x1c\xd3\xba\xa5\x04\xba\xefhi\xf9r\
)\xef\xdc\xe9\x5c\xa9]|\xd8p{d\x12\x00\xe0\xb3\
B\x1f\x80\xfa\xcc/s\xde\x05&\x04O\xaa\xf6\xf8\x06\
@\xf7\xf6\xd4\x1ecz\xfai\xad{&hz~\xba\
\xa5\x99\xee\x1eS\xaf\xf8\xb0#%>\xa8\xc3y\x05\x00\
\xd8W\xe8\x03P\x87;\x93'\x9cp\xd8\x9e\xdf\xfet\
\x884iz\x8c\xf1\xa3\x8er\xae4\x9f\x1eb\xe9\xa6\
\x07\x18\xd3\xf0\xcbf\x9dW\x00\x80}\x85?\x00'L\
\x94\xc4\xa8\xfaB,5\xb1\xfe\xff\xaf\x17t\x97\x98J\
\xf7\x1e\xe7U\xed\xf4\x80\xdcX\x8aY\xa0\x00p \xa1\
\x0f\xc0\xd8\xf0\xfa\x9f\x83\xe9\xd9z\xf1\xc1C\x9cW\xcd\
\xa7'\xcf\xbbY\x0a!\xe9T\xf5X&\x00\xc0g\x84\
?\x00\xd3\xe9\xba\xd7\xc2\xc5\xb2m\xd5g\x80\xf1\x16\xbd\
M\xa5\x92\xabY\xa0\xf6\xf3\x8e\x85\xfe[\x1cn\xfa\xfd\
ws\xe4\x8d\xad\x81\x16\xcdf6\xffv\xccM\xfd\x99\
\xaf\xbdR\xf1\xe0\x94\x14\xe0 B\x7fw\xac\x98\x10\xa9\
\xd4\x1b\x22\xfa\x03\x9c\xcdJ,ezR\xad\xa0\xff\xae\
\x9b\x1e\x9c\x9eH\xaf!\x8a\xc0\xaa\xe8QZ\xfa}\xac\
S,\x9dj\xd9f\x08v\xd2Y\xb2\xfec\xb9*\x85\
\xbc\xa9a\xea\x17\x8d\x13\xfe\xee\x81\x1e\x1a\xe9\xe2tt\
{\xca{&\xe3\xbcj.=E^{\xa1u\xcb\x9b\
\xaf\xdd\xc5\xcd\x13>\xa0C\xe0nN\xf775\xd4\xaa\
\x89P\xee\xebW\x03\x90\xfaE\xe3\x84\xbf\x07\xd8\xd7_\
\x0d\x82:\xc5G\x8e\xb4\xa7\xb6\xb7Bb\xf8p\x89\xbb\
X\xc7g\x9f!j+\x1a\x81U\xe9\xcf\xb9\xab_[\
C\xady\x8e\xad\xffvlH\xfd\xff6\xf5\x8bF\x0b\
\x7f\x00\xee\xde%\x95\xde^\xe7U\xed\x12\xa3\xc7H|\
\xd80\xe7Us%\xc6\x8e\xb57\x91z\x95]~\xed\
h=\xb7\xf5\x9b\x1c\xe3\xae\x86\xdc\xb0\xf5;\xccE\xfd\
\xee\xa2~\xd1X\xa1\x0f@\xddQ\xa5\xdc\xd3\xed\xbc\xaa\
]b\xdcx\x13\x82\xa3\xcd\x7f\xd4\xff,\xa3.\xc9\xa4\
$\x8e=\xce\xf6@\xebU\xd9\xbe]*\xdd\xf5\x7f\xed\
h=\xd7\xf5{\xec\xb1\xd5\xfam\xf6D.S\xbf\xc9\
\xe3&H\xa2\xb3\xd3\xb9P\xbb\x8a\xf9\xda\xa9_4R\
\xe8\x03\xb0\xb4u\x9biE\xefv^\xd5Nw\x92I\
N>\xde.\x89h\xa6\xa4\x09^]\xc3\x18kkw\
\xae\xd4\xae\xb4m\xab\x94\xf7\xd4\xbf\x8e\x10\xad\xe7\xbe~\
\x87\x9a\xfa\x9d\xd2\xf4\xfaM\x8c=\xda\x06\xa0\xee\xaaT\
/\xfd\xda\xcb{\xea\xff\xda\x81\xc3\x09\x7f\x0fp\xc3z\
\xdb\x8a\xae\x9bi9\xa7O?]R\x13'\xd9\xffn\
\x0a\xfd7O;\xdd\x06`\xddS\xd8+\x15)m\xd8\
\xe0\xeekG\xcbyQ\xbf\xa9\xd3f\xb8\xab\xa5Zi\
\xfd\xce0\xff\xe6D\xb7\xf5\xab_\xfb\x0e\xe7\x02\xe0\xbd\
\xf0\x07\xe0\xae\x9d\xe6\x07i\xa3\xbb\xe7\x80c\xc6J\xea\
\x8c\xb3\x9a\xb6+\x8c\xb6\xd8S3f\xbaz\xf6X6\
\xbd\x86\xb2\x09@\x9e\xa1\x04\x9b'\xf5{\xf4\xd1\x92n\
f\xfd\x9a\xe0Kk\xfd\x0e\xaf\xbf\xd7\xa9\xcf\xaf\xcb\x1b\
\xa9_4V\xe8\x03P\xd7\xc1\x95\xd6\xac\x96\xf2\xb6m\
\xce\x85:\xa4R\x92\x9eu\x8e\xa4f\x9eQ\xf3\x9e\xa2\
\xb5\xd2!\xab\xcc\xec9\x92<q\xaa\xab\xe7\x8ez\x96\
`i\xf3&s'a!q\xa0yP\xbf\xba\x8e5\
}\xee\xb9\x92>\xf3,\x89u4vstm\xb4e\
\xf4\xc8\xb1\x13\xa7\xb9\xac\xdf\xb5\xa6~7S\xbfh\xa8\
\xf0\x07\xa0Q\xfcp\x99\x1dNq#1r\xa4\xb4]\
\xf1yI\x9f:\xbda\x0b\xe3u\xd1}\xe6\xa2\x8b%\
s\xfe\x05\xae\x96?(\xfb5\xafw\xf75\xc3\x1f\xbc\
\xa9\xdfN{\xc4W\xfa\xb4\x19\x03>\x15\xa5V\xb6~\
\xe7\x5cd\xeaw\xb6}v\xeeFq\xd9\x07\xa6~\xd7\
9\xaf\x80\xc6\x88D\x00\x96\xd6\x98\xde\xd0\xca\x15R\xe9\
\xebs\xae\xd4!\x16\xb3C;m7\xde\x22\xa9\xe9\xa7\
\x9b\x10\xf4\xf6&bo\x1e\xb3/\xac\x9eC\xa8CU\
.\x9e\xd7T\xf6\xec67\xcd\x0f\xedf\xda\x08>\xcf\
\xea\xf7\xd8\xe3${\xfd\x0d\xa6~O\xf3<\x04u\xcb\
\xc0\xcc\x85\x17I\xf6\x8a+%\xd1\xd5\xe5\xaa~u\xf8\
\x9e\xfaE3D\x22\x00+\xb9\x9c\x14\x96.\xb5\x13\x0a\
\x5cI\xa6$9m\x9a\xb4\x7f\xe1\x8b\x92>\xe7\x1c\xcf\
\x86Cu\xd8SO\xa2o\xbb\xf9V\xbb\xec\xc2\xed\x92\
\x8b\xe2G\x1fIi\xf5\xca\xea.8\x08<\xef\xea7\
)\xa9\x13\xa7J\xfb\x1d_\xb6\xa3\x0c^\x0d\x87\xc6\x8f\
\x1c&\xd9\xab\xae\x91\xb6\x9bn\x91\xc4\xf8q\xee\xeb\xd7\
\x84_i\xf5*S\xbf\xec\x02\x83\xc6\x8aD\x00\xaa\xc2\
\xbb\xefH\xc1\xfc`\xb9\xd9WQi\xcb99\xd5\x84\
\xe0\x97~\xcf\xf4\x06o\xb2\xd3\xbd\xeb\xdep:\x1e\x97\
\xe4\xf1'H\xfb\x97\xf5\xef\xbaY\x92\xe3\xc7\xbb\x1e^\
\xd5\xd3#\xf2\x8b\x16\x99\x1b\xc8j\xe7\x0a\xc2\xc0\xb3\xfa\
\xcdd$u\xc2\x89\xd2\xf6\xc5/I\xbb\xa9\xb9\xc41\
&\xb0\xea\x9d\xdd\xac\xf5;y\x8a\xb4\x7f\xf1\x0ei\xbb\
\xe1FS\xbf\xc7J\xcc4\x12\xdd\xa8\xe4M\xd8\xbf\xb5\
P\x8a\xd4/\x9a 2\x01\xa8\xc3)\x857\x17\xb9o\
E\x1b\x1aR\xba\xc6\xa9\xed\xea\xeb\xa4\xe3\x8f\xbf&m\
\xd7^\xeb,6\x1e`\xcbW\x17\x09O\x9c$\xed\xb7\
\x7fQ:\xfe\xe0\xdfJ\xe6\xd2\xcb$\xa1\x07\xefz\xb0\
\xd8\xbe\xf4\xd1\x87R\x5c\xf2.\xeb\xffB\xc6\xcb\xfa\xb5\
\xf5g\xc2*{\xf55N\xfd^W\xdbbyg\x93\
\x86\xf6[o\x97\x8e;\xffP2\x97\x98\xfa\xed\x1aU\
\x7f\x90\xee\xa3\xb8l\x99\x14\x16/vu\x0e&0P\
\x91\x09@\x9dMVXdZ\x96K\x97\xda\x1d\xf6]\
\x8b\xc5\xec\xe2\xe2\xf4\xcc3\xa4Mo\x04_\xffw\xf6\
f\x90\xfd\xdc\xa5\x924-\xec\xf8\x88\x91v\x11\xb0=\
\x94v\xd0 I\x8c\x1a%\xa9\x93N\x96\xb6+\xaf\x92\
\x8e?\xf9S\xe9\xf8\xda\x9fI\xdb\xf57JJO\x9d\
\xd7\xbd\x1a]<3\xd9K\x87\xca\xf2\xaf\xbd*\xc5\xe5\
\x1f\x99\x17.\x8e\xd0\x81\xff4\xa2~\x87\x9b\xfa=}\
\x86\xb4\xddr\x9bt\xfc\xc57d\xd0W\xff\xc0N\xc2\
JN\x99b\xb70\xb3\xb5k\x1ae\xfa|Zwt\
IM\x9d&\xd9\xcb?/\x1d\x7f\xf4'2\xf8\xcf\xfe\
\xdc\xf4\xfan\x92\xd4\xa9\xd3\xab\x13^\xbc\xa8\xdf\xfe~\
\xc9\xbf\xfe\xaa\x94\xa8_4I\xe2\x8e\xf3\xcf\xbb\xb2s\
\xe5\x8a\x19\xce\xeb\x9a\xd9\xe5\x01S\x8ew^\xd5.\xff\
\xcao\xa5\xf8\xc1\xfb\xce\xab\xc6\xaa\xf4\xf5\x9a\xc8\x8f\xd9\
]V\xdc\xecQ\xf8)\xa6\xd5\x1b\xef\x18lzp\xa3\
m\xabZo\x1e\xa9SO\x93\xf4YgI\xe6\xbc\x0b\
$3{\xb6d.\x98#\xe9\xf3\xcd\xef\xe7\x9ck\x97\
R\xa4\xa6\x9dd\xd7\x16\xda]2<h5\xef\xa5=\
\x84\xfeG\x1f\xb1S\xc8\xc3r\x03\x09R}5Z3\
\xea75\xe5\x04;I&}\xf6,S\xbf\xe7Kf\
\xce\x1c;\xb33}\x81\xa9\xdfs\xcf\x93\xf4\x19\xa6~\
MCN\x87\xfe\xed3p/\xebw\xd1\x1b\xa6~\x1f\
\xad\xd6o\x93P_\xad\xd5\xea\xf7?:=@eZ\
\xd1y\xd3\x8a\xce\xbf\xb1@*^\x0f\x11\x9a\x16\xb0N\
*H\x1c}\x8ci)O\x95\xf4\x8c3\xecM$=\
\xeb\xdc\xea\xef\xa6\xa5\xad=C\xdd\x5c\xdbno\xe6A\
\x8by_\xbaN,\xf7\xe2\x0b\xa6\xf7\xb7\xdc~\x9d\x08\
\xa1F\xd6\xaf\x092=\xb9!1n\x9cm\xa0\xe9\xc8\
F\xda4\xd8\xd2\xe7\x9eooR\xba\xb0\xdd\xd6\xef\xde\
\x86\x9b\xd7\xf5\xbbu\x8b\xe4^xAJ+L\xfd\xd2\
\xfbC\x93D+\x00\x0d\xddW1\xf7\xd4|\xc9\xbf\xf3\
\xb6\xeb\x09\x05~\xa1Cb\xb9\x17\x9f\x97\xc2\x82\xd7\xab\
\xbd\x04\x84Vx\xeb\xf7\x05\x13\xecZ\xbf.\x96z\x00\
5\x8a\x5c\x00\xaa\xe2\xca\x15\x92\xd3\xa1\xc2\x8f>t\xae\
\x04\x9b>\x1b\xea77\xc5\xd2\xa6\x8d\xce\x15\x84Y\xe8\
\xeaw\xe1\x02[\xbfe\xdd\xf9\x05h\xa2H\x06\xa0\x9e\
2\x9d\x7f\xd3\x84\xc6\xd3&4\xbc\x98U\xd7BEs\
\x13\xec\x7f\xecQ)}\xb8\xccn\x9b\x85\x08\x08S\xfd\
.\xfb\xa0Z\xbf\x1a\xe6\xd4/\x9a,\x9a\x01hTz\
z$\xf7\xcc\xd3\x92{\xf2\x09)o\xd9\xe2\x5c\x0d\x96\
\xd2\xba\xb5\xd2\xff\xd0<\xc9\x9b\x16\xb4\xce\xa0Ct\x84\
\xa2~\xd7\xae\x91\xbe\x87\xb5~\xdf\xa0~\xd1\x12\x91\x0d\
@U\xde\xbaU\xfa\x1e}Xr\xcf>-\xe5\x9d\xc1\
:vE\x87;\xfb\xe7=(\xb9\x17\x9esu^\x1c\
\x82+\xc8\xf5\xab'=\xf4\xcf\x9b+\xf9\x17\x9e\xf7~\
B\x0f0@\x91\x0e@U\xde\xb4I\xfa\xe6\xde/\xfd\
\x8f<\x1c\x98\x96\xb4\xb6\x9c\xfb\xef\xfb\xb5\xf4\xcf\x7fR\
\xca\xdb9\xef/\xca\x02Y\xbfkL\xcf\xef\xbe\xdfT\
\x9f\xfbq\xde\x1fZ(\xf2\x01h\x0f\xde\x5c\xb7N\xfa\
\x1e\x9ck~=\xe0\xfb\x13\x14t\x9f\xc4\xde_\xde#\
\xfd:\xf4\xb5m\xabs5\xc4t\xa6c\xbd\xcf\x86\xcc\
\xff\xb7\x12\xf6\xe7JA\xab\xdfe\x1fH\xef\xbd\xbf0\
\x8d7\xad_\x1flvM}E\x1a\x01\xe8(\xeb\x90\
\xe2c\x8fH\xef\xff\xbb[\x0aK\x16\xfbo\x8a\xb9\xf9\
|t\x97\x97\xde\xff{\xb7\xe4\x9e}62-g}\
\xd6\xa5;\xdc\xd4\xa3\xd2\xd3-\x92\x8b\xc6\xb3%\xbf\xd7\
\xaf.u\xc8\xbf\xfa\x8a\xa9\xdf\x9fI\xeey\xff\xd4/\
\xf5\x15m\x04\xe0>\xf4\x99J\xee\xf9\xe7\xa4\xe7'?\
\x94\xdcs\xcf\xd8cY\xfc@[\xca\xda\xba\xef\xf9\xd9\
O$\xff\xfak\xf6\xb8\xa3\xa8\xd0Y\x8e\xe5\x1d\xf5\x0d\
\xf3\x16Mo\xa8\x14\xa1!b\xdf\xd6\xef\xd6-\xd27\
\xd7\xd4\xef\xdd?\x95\xfc\x02\xad_\xff<\xf3\xa3\xbe\xa2\
\x8d\x00\xdc\x8f\xb6\x08\x0bo\xbfm{Z=?\xfag\
)\xe8\x82\xe3|\xde\xf9hs\xd9\x93\x1d\x16.\x94\x9e\
\x1f\xdf%\xbd\xbf\xbaW\x8a\xef\xbf/\x95\xfeh-\x14\
\xd6c\x80\xf4\x99Q\xcd\xbb\x83\x98?_\x5c\xfa\x9e\x9d\
)\x1b%\xbe\xaa_go\xcf\x9e\x1f\xde%}\xbf6\
\xf5\xbbL\xeb\xd7_=&\xea+\xda\x08\xc0\x03)\x14\
\xecqB\xba\xe3F\xcf]?\x90\xbe_\xde#\xc5\x15\
\xcb\x9b6\xac\xa47,\xdd\x11\xbf\xf7\xa7?\x96\xde\x1f\
\xfe@r\xcf\x9a\xd6\xfc\xc6\x8d\xf5?\xab\x08\xb0\xf2\xda\
5v\x9a|\xa9\xc6E\xd2\xbaX\x5c7\x08\xf0\xc5s\
\xa6fky\xfd\xe6\xec\xf1MZ\xbf=?\xba\xab:\
\xe4\xb9i\x93/\xeb\x97\xfa\x8a\xb6Hm\x86]3s\
#\xd1\xe1\x9b\xd2\xaaU\xe6s\x5cj\x7f\x88\xf5(\xa4\
\xf8\xe0\xc1\xae\xcf\xed;\x10{\x92\xbb\xb9q\xf4\xcf\x9b\
'\xfd\x8f=,\x857\x16T'5\xb4\xa8\x05\xef\x0b\
\xe6\xa6Y\xd9\xbaU\xe2C\x06W7`\xced\x9c\x0f\
\x1c\x9c\xce\x86\xec\x9f\xf7\x80\xe4_~9\xda[\xc35\
\xb9~u\xc8\xb5\xf0\xf6[\xd5\xe59\x8f=b\xd7\xa7\
\x967l\xb0\x9f\x87oQ_-\xd5\xea\xfc \x00\x0f\
\xa7R\xb1E\xae7\x0f\xbd\x91\x14\xde[b\x8f\xa4\xd1\
\x96\x9fn\x07\xac\x1b[\xdb\x9bI=\x9b\x03\x9b\xbf[\
o\x1a:3N{y\xba\xa8]\x177\xe7\xdfZd\
\x87V\xecpQ\xadC3!T\xe9\xed\xa9\xeexb\
nV\xf1\xce.\x89\xeb)\x04\x07z\xbfuX\xca\xb4\
\xcc\xfb\x1e\xb8\xaf\xba6\xae\xceg;\xa1\xd2\xf0\xfa\xdd\
U\xad\xdfgL\xfd>l\x82\xcf\xd4o\xe1\xad7M\
\xc3m\x9dH\x9d\x93K\x9a\x8d\xfaj\x9dV\xe7G\xec\
\x89\xbf\xfe\xab\xefO{z\xfe\x9d\xce\xeb\x9au|\xfd\
/\xa5\xed\xeak\x9dW\xb5\xeb\xfe\xd6\xdfJ\xdf\xbc\xb9\
\xce\xab`\xd0Vb\xfc\xc8a\x12\x1f>\xdc\x9e\x09\x98\
\x183\xc6\x9e\xf2\x10\xef\xec\xb4\xe7\x00\xea\xf9h\xb1l\
\x9b\x88\xb6&\xf5\x90[\x1dz27\x03\xdd\xe8\xb7\xbc\
sg\xb5U\xbey\xb3\x09\xb95R\xd6\x07\xe9\xe6f\
\xa4\x13\x18\xca\xbbv\xfa\xbb\xb5\xdcJ\xe6\x86\x14\x1f9\
RR'N\x95\xd4\xf4\xd3\xed\x89\x1b\x89QG\x99\xf7\
8mn`}vm\xa4=5\xfd\xcd\x85\xf6Yi\
y\xd7.\xe7\xff\x88\xfd\xd5W\xbf\xfdR6\xf5[\xd9\
\xb7~\xd7\xae\xb5\x07\xf4V\xebw\x8bS\xbf\xfe\x9a}\
:`\xd4WK\xb4:?\x08@\xb7\xf4\xc0\xd0\xf6A\
\x12\x1f\xdca\x7f\x8f\xb5\xb5U\x87Q\x92\xc9\xea\xcdC\
[\x92e\xd3\x8b+\x99\x1b\x83\xb9\x91T\xcc\x8dD\x7f\
\xa0\xb4\xd5\xa9\xa7\xb6\xdb\xdd\xef9\xbeh\xc0b\xe9\xb4\
\xc4\xcc\x8d;1|\x84=~\xca\xbe\xc7:\xd4g\xde\
\xcb\xf2\x96\xcd\xb6\x81ao\xd8\x18\x98\x1a\xea\xd7>C\
\xec7\xf5kz\x94\x95^\xd3\xab\x0ca\xfdR_\xcd\
E\x00\x06=\x00\x01\x00uiu~0\x0b\x14\x00\x10\
I\x04 \x00 \x92\x08@\x00@$\x11\x80\x00\x80H\
\x22\x00\x01\x00\x91D\x00\x02\x00\x22\x89\x00\x04\x00D\x12\
\x01\x08\x00\x88$\x02\x10\x00\x10I\x04 \x00 \x92\x08\
@\x00@$\x11\x80\x00\x80H\x22\x00\x01\x00\x91D\x00\
\x02\x00\x22\x89\x00\x04\x00D\x12\x01\x08\x00\x88$\x02\x10\
\x00\x10I\x04 \x00 \x92\x08@\x00@$\x11\x80\x00\
\x80H\x22\x00\x01\x00\x91\xd4\xfa\x00lo\x97X&\xe3\
\xbc\x00\x00DAL\xef\xfd\xe9\xd6\xde\xfb[\x1e\x80\xd9\
\xd9s$u\xc6\x99\x84 \x00DD\xac\xadM\xb2\x17\
_\x22\xa9\xa9S\x9d+\xad\xd1\xf2\x00LN\x9a,\xed\
\xb7\xdeN\x08\x02@\x04\xd8\xf0\xfb\xdc\xa5\xd2v\xdd\xf5\
\x92\x18=\xc6\xb9\xda\x1a\xad\x1f\x02M&%u\xfc\x09\
\xd2~\x8b\x09\xc1\x99g\x10\x82\x00\x10R:\xec\x99\xbd\
\xe42\x13~7Hb\xdcx\x91D\xc2\xf9Hk\xb8\
\x0f\xc0|A*\xc5\xa2\xf3\xa2N6\x04\x8f\x97\xf6\xdb\
\xbe@O\x10\x00Bh\xef\xb0\xa7\xed\xf9\x8d\x1b\xe7:\
\xfc*\xf9\xbc\xeb\xecq\x1d\x80\xe5=\xbbE\xfa\xfb\x9c\
W.\xa4R\xf4\x04\x01 \x84>\xd5\xf3;\xc6}\xf8\
\xa9\xca\x9e=R\xe9s\x97=\xae\x03\xb0\xb4v\x8d\x94\
\xb6nu^\xb9\xb4\xb7'\xa8\xcf\x04\x09A\x00\x08<\
\x1b~{\x9f\xf9y\xd0\xf3\xdbK\xb3\xa7\xbc\xcd]\xf6\
\xb8\x0e\xc0\xe2\x92%RZ\xb9\xc2|6%\xe7\x8aK\
{{\x82\x0c\x87\x02@\xa0}j\xd8\xd3\xa3\x9e\x9fU\
,Ja\xf1\xbb6\x04\xddp\xdf\x03\xdc\xbcI\xf2\xaf\
\xbc\xe2\xfa\x13\xf9\x14\x86C\x01 \xd0\x1a1\xec\xb9W\
\xe1\xbd\xf7$\xbf\xf0\x0d)\xef\xdc\xe9\x5c\xa9\x8f\xfbI\
0\xa6\xe7\x97\x7f\xedU\xe9\x7f\xfa))o\xd9\xec\x5c\
\xf4\x00\xc3\xa1\x00\x10H\x8d\x1a\xf6T\xa5\xd5\xab\xa5\xff\
\xd1\x87\xa5\xf8\xfeR\x91r\xd9\xb9Z\x9f\xc4\x1d\xe7\x9f\
\xff\xf9\xceU+f\x98\xff\x8eU/\xd5\xae\xd2\xdf/\
\xa5\x8d\x1b\xcc\xdf\x10\xb3\xeb:\xe2\x83\x069\x1fq\xc9\
\xbci\x89a\xc3$q\xd4h)\xef\xd8!\xe5M\x1b\
\xbd\x1bj\x05\x00x\xee\x93u~\xd7{\xdf\xf3+\xad\
\xf9X\xfa\xee\xbfO\xf2/>o'\xc1\xb8\x12\x8f\x97\
\x13_\xb9\xf4\xd29#W\xad8\xcd\x04K\xd2\xb9\x5c\
\x97JO\x8f\x94\xd6\xad3\x7fi#Bp\xb8$F\
\x1dE\x08\x02\x80\x8f}j\x91\xbb\xc7\xeb\xfc\xaa\xe1\xf7\
\x1b\xc9=\xfb\x8c\xeb\xa1O\x15\xcbf{\x12\x7fx\xdb\
\xad'\x1d\xb9r\xe5\xf4J_\xef`\xe7z\xdd\x1a\x16\
\x82\xf18!\x08\x00>\xd6\x94\xf0{F\xc3o\x87s\
\xd5\x9d\xe4QG\xadN\xfc\xd57\xbe1$\xbb\xe2\xa3\
\xd3J[6\x8fu\xae\xbbB\x08\x02@\xb4\x04-\xfc\
Tz\xfai/$\xfe\xd7\xdf\xff\xfd\xce\xc4\xda5S\
\xf2+WL\x95b1\xed|\xcc\x15B\x10\x00\xa2!\
\x88\xe1\x17\xef\x18\xbcs\xc8\x95W\xff,\xf1_\xff\xe7\
\xff\xec\xdf\x9d\xcd\xeeNlX7\xb1\xb4q\xe38\xa9\
T\xdc\xcf\x0c5\x08A\x00\x08\xb7 \x86\x9f\xf9\x1c\x8b\
\xd9\xd9s\xee\xcf]r\xd9\xcf\x12\xdf\xfc\xe67%q\
\xc4\x91[ve\xdbvf7m:\xb6\xb4m\xebh\
\x13\x82u\xcf\x08\xdd\x17!\x08\x00\xe1\x14\xc8\xf0\x8b\xc7\
K\xd9Y\xe7<\xda{\xed\xf5\xdf\x196y\xf2b\x1b\
\x80\xc9T\xaa\x98\xe8\xec\x5c\xb7{\xc8\x90\xcd\xd9-\x9b\
\x8f!\x04\x01\x00\x07\x13\xd0\xf0+g\xcf:\xfb\xf1=\
\xd7\xdd\xf0\x8f\x9d\xa7\x9c\xf2Z&\x9b\xed\xb7\x01\xa8\xd2\
\x99L.9j\xd4\x1a\x1b\x82\x9b7\x8f#\x04\x01\x00\
\xfb\x0bl\xf8\x9dy\xf6\xe3\xbb\xaf\xbf\xe1\x1f\xba\xa6\x9f\
\xf6J[{\xbb\xddE\xfb\x93\x00T\xe9t:\x9f\xec\
\x22\x04\x01\x00\x9f\x15\xf0\xf0\xfb{\x13~\xbf5\xe1\xd7\
\xeb|\xe4\xd3\x01\xa8\x08A\x00\xc0\xfe\xc2\x16~\xea3\
\x01\xa8\x08A\x00\xc0^a\x0c?u\xc0\x00T\x84 \
\x00 \xac\xe1\xa7\x0e\x1a\x80\x8a\x10\x04\x80\xe8\x0as\xf8\
\xa9C\x06\xa0\x22\x04\x01 z\xc2\x1e~\xea\xb0\x01\xa8\
\x08A\x00\x88\x8e(\x84\x9f\x1aP\x00*B\x10\x00\xc2\
/*\xe1\xa7\x06\x1c\x80\x8a\x10\x04\x80\xf0\x8aR\xf8\xa9\
\x9a\x02P\x11\x82\x00\x10>Q\x0b?Us\x00*B\
\x10\x00\xc2#\x8a\xe1\xa7\xea\x0a@E\x08\x02@\xf0E\
5\xfcT\xdd\x01\xa8\x08A\x00\x08\xae(\x87\x9fr\x15\
\x80\x8a\x10\x04\x80\xe0\x89z\xf8)\xd7\x01\xa8\x08A\x00\
\x08\x0e\xc2\xaf\xca\x93\x00T\x84 \x00\xf8\x1f\xe1\xf7;\
\x9e\x05\xa0\x22\x04\x01\xc0\xbf\x08\xbfO\xf34\x00\x15!\
\x08\x00\xfeC\xf8}\x96\xe7\x01\xa8\x08A\x00\xf0\x0f\xc2\
\xef\xc0\x1a\x12\x80\x8a\x10\x04\x80\xd6#\xfc\x0e\xaea\x01\
\xa8\x08A\x00h\x1d\xc2\xef\xd0\x1a\x1a\x80\x8a\x10\x04\x80\
\xe6#\xfc\x0e\xaf\xe1\x01\xa8\x08A\x00h\x1e\xc2o`\
\x9a\x12\x80\x8a\x10\x04\x80\xc6#\xfc\x06\xaei\x01\xa8\x08\
A\x00h\x1c\xc2\xaf6M\x0d@E\x08\x02\x80\xf7\x08\
\xbf\xda5=\x00\x15!\x08\x00\xde!\xfc\xea\xd3\x92\x00\
T\x84 \x00\xb8G\xf8\xd5\xafe\x01\xa8\x08A\x00\xa8\
\x1f\xe1\xe7NK\x03P\x11\x82\x00P;\xc2\xcf\xbd\x96\
\x07\xa0\x22\x04\x01`\xe0\x08?o\xf8\x22\x00\x15!\x08\
\x00\x87G\xf8y\xc77\x01\xa8\x08A\x0088\xc2\xcf\
[\xbe\x0a@E\x08\x02\xc0g\x11~\xde\xf3]\x00*\
B\x10\x00~\x87\xf0k\x0c_\x06\xa0\x22\x04\x01\x80\xf0\
k$\xdf\x06\xa0\x22\x04\x01D\x19\xe1\xd7X\xbe\x0e@\
E\x08\x02\x88\x22\xc2\xaf\xf1|\x1f\x80\x8a\x10\x04\x10%\
\x84_s\x04\x22\x00\x15!\x08 \x0a\x08\xbf\xe6\x09L\
\x00*B\x10@\x98\x11~\xcd\x15\xa8\x00T\x84 \x80\
0\x22\xfc\x9a/p\x01\xa8\x08A\x00aB\xf8\xb5F\
 \x03P\x11\x82\x00\xc2\x80\xf0k\x9d\xc0\x06\xa0\x22\x04\
\x01\x04\x19\xe1\xd7Z\x81\x0e@E\x08\x02\x08\x22\xc2\xaf\
\xf5\x02\x1f\x80\x8a\x10\x04\x10$\x84\x9f?\x84\x22\x00\x15\
!\x08 \x08\x08?\xff\x08M\x00*B\x10\x80\x9f\x11\
~\xfe\x12\xaa\x00T\x84 \x00?\x22\xfc\xfc't\x01\
\xa8\x08A\x00~B\xf8\xf9S(\x03P\x11\x82\x00\xfc\
\x80\xf0\xf3\xaf\xd0\x06\xa0\x22\x04\x01\xb4\x12\xe1\xe7o\xa1\
\x0e@E\x08\x02h\x05\xc2\xcf\xffB\x1f\x80\x8a\x10\x04\
\xd0L\x84_0D\x22\x00\x15!\x08\xa0\x19\x08\xbf\xe0\
\x88L\x00*B\x10@#\x11~\xc1\x12\xa9\x00T\x84\
 \x80F \xfc\x82'r\x01\xa8\x08A\x00^\x22\xfc\
\x82)\x92\x01\xa8\x08A\x00^ \xfc\x82+\xb2\x01\xa8\
\x08A\x00n\x10~\xc1\x16\xe9\x00T\x84 \x80z\x10\
~\xc1\x17\xf9\x00T\x84 \x80Z\x10~\xe1@\x00:\
\x08A\x00\x03A\xf8\x85\x07\x01\xb8\x0fB\x10\xc0\xa1\x10\
~\xe1B\x00\xee\x87\x10\x04p \x84_\xf8\x10\x80\x07\
@\x08\x02\xd8\x17\xe1\x17N\x04\xe0A\x10\x82\x00\x14\xe1\
\x17^\x04\xe0!\x10\x82@\xb4\x11~\xe1F\x00\x1e\x06\
!\x08D\x13\xe1\x17~\x04\xe0\x00\x10\x82@\xb4\x10~\
\xd1@\x00\x0e\x10!\x08D\x03\xe1\x17\x1d\x04`\x0d\x08\
A \xdc\x08\xbfh!\x00kD\x08\x02\xe1D\xf8E\
\x0f\x01X\x07B\x10\x08\x17\xc2/\x9a\x08\xc0:\x11\x82\
@8\x10~\xd1E\x00\xba@\x08\x02\xc1F\xf8E\x1b\
\x01\xe8\x12!\x08\x04\x13\xe1\x07\x02\xd0\x03\x84 \x10,\
\x84\x1f\x14\x01\xe8\x11B\x10\x08\x06\xc2\x0f{\x11\x80\x1e\
\x22\x04\x01\x7f#\xfc\xb0/\x02\xd0c\x84 \xe0O\x84\
\x1f\xf6G\x006\x00!\x08\xf8\x0b\xe1\x87\x03!\x00\x1b\
\x84\x10\x04\xfc\x81\xf0\xc3\xc1\x10\x80\x0dD\x08\x02\xadE\
\xf8\xe1P\x08\xc0\x06#\x04\x81\xd6 \xfcp8\x04`\
\x13\x10\x82@s\x11~\x18\x08\x02\xb0I\x08A\xa09\
\x08?\x0c\x14\x01\xd8D\x84 \xd0X\x84\x1fjA\x00\
6\x19!\x084\x06\xe1\x87Z\x11\x80-@\x08\x02\xde\
\x22\xfcP\x0f\x02\xb0E\x08A\xc0\x1b\x84\x1f\xeaE\x00\
\xb6\x10!\x08\xb8C\xf8\xc1\x0d\x02\xb0\xc5\x08A\xa0>\
\x84\x1f\xdc\x8aU*\x15\xe7?\xd1J=\xdd\xdd\x83\xb7\
\xfd\xf6\xe5K\xdb\x7f\xfd\xcb\xaf\xe7\x97\xbew\x86\x94\xcb\
q\xe7C\xae\xc5;\xbb${\xe5U\x92\xbd\xfc\xf3\x92\
\xe8\xect\xaez\xa0X\x94\xe2\xeaUR\xdaH\x00\xa2\
\xf9b\xc9\xa4\x0d\xbe\xc4\xa8Q\x84\x1f\xeaB\x00\xfaH\
 C\x10\x08\x11\xc2/Z\x18\x02\xf5\x91@\x0e\x87\x02\
!A\xf8E\x0f\x01\xe83\x84 \xd0|\x84_4\x11\
\x80>D\x08\x02\xcdC\xf8E\x17\x01\xe8S\x84 \xd0\
x\x84_\xb4\x11\x80>F\x08\x02\x8dC\xf8\x81\x00\xf4\
9B\x10\xf0\x1e\xe1\x07E\x00\x06\x00!\x08x\x87\xf0\
\xc3^\x04`@\x10\x82\x80{\x84\x1f\xf6E\x00\x06\x08\
!\x08\xd4\x8f\xf0\xc3\xfe\x08\xc0\x80!\x04\x81\xda\x11~\
8\x10\x020\x80\x08A`\xe0\x08?\x1c\x0c\x01\x18P\
\x0d\x0f\xc1\xf5\xeb$\xa6\xa7>\x8c\x1e-1B\x10\x01\
UZ\xbd\xda\x84\xdf}\x92{\x96\xf0\xc3g\x11\x80\x01\
\xd6\x8c\x10\x94\xde\x1eI\x8c\x18)\xf1!C\xf4\x87\xde\
\xf9(\xe0s\xc5\xa2\x14\x16\xbf+}\xf7\xfdJ\xf2/\
\xbe(\xe5];\x9d\x0fx\x80\xf0\x0b\x0d\x020\xe0\x9a\
1\x1cZ\x5c\xb1\xdc\x9e\xfb'\xb1\x98\xc4R)\x11\xf3\
K{\x87\x80\x9fT\xf2y\xa9\x98:-\xbc\xbfT\xfa\
\x1f\x7f\x5c\xfa\x1fyH\x0ao\xbf%\x95={\x9c?\
\xe1\x01\xc2/T8\x0e)$\x1ay\x94\x92\x9e\xbb\x16\
;\xf2HI\x8c\x1c)\xb1\x8e\xc1\x9a\xba\x04 |\xa7\
\xa2gR\xe6rR\xde\xbd[\xca\x9b7\x99\xdfM\xf0\
\x95=<\xa7\x92\xf0\x0b\x1d\x020D\x1a\x19\x82@\xa4\
\x11~\xa1\xc4\x0d2D\x06ut\xec\x19>\xeb\x9c'\
zo\xba\xe5[\xe9\x13N|]\x7fh\x9d\x0f\x01\xa8\
\x17\xe1\x17Z\x04`\xc8\x10\x82\x80\x87\x08\xbfP#\x00\
C\x88\x10\x04<@\xf8\x85\x1e\x01\x18R\x84 \xe0\x02\
\xe1\x17\x09\x04`\x88\x11\x82@\x1d\x08\xbf\xc8 \x00C\
\x8e\x10\x04j@\xf8E\x0a\x01\x18\x01\x84 0\x00\x84\
_\xe4\x10\x80\x11A\x08\x02\x87@\xf8E\x12\x01\x18!\
\x84 p\x00\x84_d\x11\x80\x11C\x08\x02\xfb \xfc\
\x22\x8d\x00\x8c B\x100\x08\xbf\xc8c/\xd0\x08\xb3\
{\x87\xbe\xfc\xd2e\xed\xbf\xf9\xd5_\xe4\x97\xbe7S\
\xca\xe5\x84\xf3! \xdc\x12\x89bv\xd69\x8f\xee\xb9\
\xe6\xbaow\x9e:\xfd\x15\xc2/\x9a\x08\xc0\x88\xeb\xde\
\xb3g\xc8\xeeE\x0b\xcf\xcb<\xf4\xe0\xbf\xcd\xbf\xb9h\
v\xa5\xaf\x8f\xd3o\x11j\xf1\x8e\xc1;3\x17\xcc~\
\xa0\xf7\xb2\xcb\x7f<\xfc\xc4\xa9\x8b\xb2mm}\xce\x87\
\x101\x04 $\xd7\xd7\xd7\xd6\xbfj\xd5\xf1\xe9\xb7\xdf\
\xbc\xb0o\xe1\x1b\xb3\x0b+\x96O+o\xdb\xdeU)\
\xe4\xb3^\x9d-\x08\xb4L<^\x8e\xa5\xb3\xbd\x89\xce\
\x91\xebR\x93'\xbf5h\xe6\x99O\xf7L;\xe9\xf9\
\x8e1cV\xa5\xd2\xe9\xbc\xf3\xa7\x109\x22\xff\x1f,\
X\xa5Gm]#\x1c\x00\x00\x00\x00IEND\xae\
B`\x82\
\x00\x00\x07\xf2\
(\
\xb5/\xfd`\xb5DE?\x00\xaaM\xe0\x0d(\x00m\
h\x1e\x98\x06*\xfe~\x9bh\xe8\xf7o\xe9\xbf\xb7\x19\
\xfc\x030\xc0\x00\x18{(\x8a\xc8\x94T\xad]\xf8\x9a\
\x0c\xf0\x1fW\x05\x11\xe4\x00\xd9\x00\xcd\x00\x0fd\xb1\xcd\
@`\xca\xdci\x1f.\x85X\xe8ca\xae0$\x96\
\x99\x0f,\xb1\x0f\xec|Mr\xb5\xecR\xe6\xda\x87&\
\x80\xc2\xb8\xd6\xb1\x0bu\xccHi\xa6\xc1A\xc1\x18\xf3\
\x970\x99YL!\x90\x80@\x91)\xb4hC\x97\x0b\
\xb1x)p\x84\x17\x18Z\xd6a\x9dD\x97\xd9\x5c\x9a\
\xa1\xbaX\xdc\xdcgB\x8be\x16\x11\x16\xf0\xad\x1cS\
\xce\x99\xa7Dk\xa0\x7fk\x18\x92\xaf\xb6P\x18L\xed\
\xc4\x12S\x18\x11\xd6\x80\x84\xd6H~8*}(\xcf\
\x03\xdf\xc3_\xcc=2\x93\xd2\x82#\x82\x1b\x16\x16\x1c\
\x94J\x02\x14\x8ekW]\x12\x89D\xa1XD9?\
\x18\x12\x8d\xe6\x82! \x06\xe9\x91\xab$14Oz\
\x0f$\xa5\x004,8\x10P,\xa40(d\x9d\xc9\
@3\xe3\xa4D\x95@\xc2\x04\x85\xe1\x80*c\x17\x88\
&\x85\xadV\x18\x90\xad\xf8\xd2Hr\x9e\x08\x02\x0d\x01\
\x91\x9a\xebSo\x14Qo\x9e\x0e\x0e\xd0\x89c\x06\x14\
@\xc0\x0b\xac\xf2tl\xa4&\x19;\xf4a:Pm\
\x5c*\xb1\x91\x82\xc0\xf3\xb947f\xea\x83\xa1\x0e\xc5\
\x90mX\xa81q\xa2h.\xd0\xcc\xb82\x8dl!\
\x88\x06\xc5\x11\xd4ipD3n\xd8\x0c\x99\xf6\x91\xe9\
\x13\x81!\x95\x997\x15H\xcd\x12\x09\xe6\x9dQ\x03\xd3\
\x5c\x1d\x87\xe6i!\x1a9\x0d\x1c]\xb9\xb4y\xe6c\
id\xea85/\xb4i\xa8z\xe4\x19\xe1\x862\x0a\
E\xaa\xb8F(\xe4f\xe7aB\x0aC\xb6\x86\xec\xc9\
f\xef\xa8\x94\xd1C\xa3\x5c\xec\xb5\x17Ws\xa8:\xea\
\xb5J78\x5c:\x99\xce\xbd\x10\x86V\xa8O\x8d\x98\
\xcf\xb7T-%s\xa9\xa0*\xf1\xe6\x9e\x5c\x8d\xf9\x7f\
7\xb8X\xbb%\xb6{\xed\xb1\xb6\x02\xc5\xcel\xae\xe3\
y\x14\x06\xce\x15\x82\xa8\x0c\xd1\x1f\x9b[\xed)\x92b\
\x84\x0e\xf6\xf2\xc8:=\x8a\x04Y[\xef\x12\x85\xd4\x9f\
p2\xba\xb8\x98L\x0e\x18h\xe10\xa7\xdd\x0f}9\
E@sRF\xe6\x0bvk\xb6$\xf3\xd7\xee\xcd\xc9\
\xf6\xdfJ2\xe5\xee\xaf\x12\xd2\xa5\x8b\xbeX\xab\x04l\
\xcf\x22cK\xfe\xb3\x7f\x11.\xc6\xf080\x85j\x83\
D\x99\x8a3\xe4\xc1;&7N`s\xce)d\xa1\
\xc5d\xde;\x1fx2o\x11\xdd=v\x80\x05\x85\xb0\
7\xe3\x01\xbdP\x03\x16\xceU\x04\xbc\x04\x03U\x18\xcf\
\xb5\x0d\x86\xe6\xcd\x8c\x12A\xecu8\xda\xb5k\xf7\xed\
\xdb7\xf7\xee\xdd?\x7f\xfe<v\xec\xd8\xef\xde\xbds\
\xcd5\xd7\xe0\xc3\x87/\xa5\x94\x8a\x06\xa8\xb2\xd4\xca\x97\
\xfa\x88\xe6U\x10\xe1\xc1\x81`zi\x9e\x17\x12M2\
\x8583\xa24\x0d\x0b\x0e\x8e\x08V4\xf4\xc7w\x7f\
\xac\xbfe|\xde\xe0j\x92u\xec\x7f\xb8\xda#|\xbd\
\x9c\x93\xb0I\xc8\x96\xb7|-\xbe|\xd6l\xc5\x87\xcd\
\xfd-\xd6T\x8a$\xd9K\xb6N\xc8\xd7\xdf\x96\xf4\xf7\
K\xca(\xdd]t\x8fn5\x0a\xd0\x1b\xf4\xe5\xdd`\
\x83\xb2\xad\xd7T\xe2u\x83\xa9]k\xed\xbf\xde\xbd\x94\
\xdf\x0b\x92\x84\xef\x7f1\xd7\x09\xf7\x1c\x83p\xc1(W\
k\x1e e\x1a\x09\xe3\x83\xea\x22\xc2\x95y\xec\xd2~\
9'\x99\xec\x8f\xae\xbd\xd8\x9a\xc7X+\x0fK\xd4\xda\
\xc1\xe6X\xc3\xe5\xba]\xabVM\xbdz\xe5\xea=\x01\
[AWRE\xd5OA\xa7\xa2\x8a-&\xe27\xe6\
\xcdT\xa2\xfd\xb1\xd7\xda{\xde\xc9\xc1;w\xf2}\xc3\
VtQN\xb5\x81\xed\xa8Q-U\x86FD\xa4 \
I\x926\x03\xa1\x101\x8e9\x08\xa1\xc9\x03bQ\x14\
\xe2(\x96\xc3\x18E\x88B\xc4\x10B\x10\x11\x10\x01!\
B\x11\x09$\x90\x11\x12\x91\x1e \xb21\xc3?t\xfd\
\x90\x04i\xff\xd6\xd8FY\x81C\xa6\x93\xb8\x8c5\xc0\
P\x1fB\x83\xf6\xd1\xf9$\x10\xff\xfd\xd8\x5c\xf7\x09\xb9\
:\xb0\xb1D6\x16\xc2\xeeDJ\xe1\x04\x1f\xb9\x84\x10\
\xf9\x1c\xcan\x88\xc8\x9ca\x92\xd9\x16Le<s\xbe\
\xee5\xd2A\xc6\xde\xda\xf0Gq\xd6T\xfan\x06\xf0\
Wl\xfc\xc7s6\x93\x89\xb2e5\x00#\x7f\xf4\xca\
\xd9\xa9\x83\xe0h\xc0\xec\x7f?\x84\xab\xb7\x19>\xd0\xf5\
}bV\xc1\xd0J\x1e\xf4\xc8.=j\xdbU\x82\xf1\
14\x0b\x0c\x9b\xafL\x0f\x82&\x88\xaa\x1c^*{\
\xfe\xff\xac\xbb\x92\x0d\xd7YF\xcd\xc1\xa1\xd6(\x8d\xaa\
\xe7\xd9\xe9\xa8i\xdc<\xba+\xb9\xc0\x03\xf4*\x8d\x87\
\xa8\xcc\xc0 5\xf4&\x95\xc1a5\xf1\xf4qFu\
;{\x8c\xfen\xb3\xf1h\xf7D!a\x96\x1c\x13\xf9\
\x93'\xfc\x8e\xb7\xafs\x1c\x91\xfaFq U\xa3\x14\
\xec\x19\xe5E[\x8c\xa2\x05n\xc9*\xba\xef^\xbcK\
iq\xbch\x15\xa5B\xa3(\x89B\x99(\xda\xe9\x11\
\xa5\xaa\x1a\x88\xd2\xd2C\xf93\x8a\x82\x9cP\xb2\x1c\x0a\
\x0f\xa2\xe4\xecPB~\xb5!\xfa|\xf6\xe9\xbe\xeca\
;]\x16\x87\x19n0\xb0.\xcc}5V\xa9\x13H\
C\xad+\xbc\x08\xa5\xed\x0a\xc5:\x14\xc6\x1e?Y\xae\
\xae\xe9h\x87\xce\x18\x85s\xf5o\xd4\xb2M\x93\xd8\xb0\
\xab\xd6v\xc7\xe3\x1c\xcb\xc9D\x01\xf6%\x93\xe7\xeb'\
g\xe1i\xbdb\xcb\xcf\x86\x91\xaf\xd6\xbf\xbf\xfe\xbcn\
\x93\x12U<\x1a\xeb\xceb\x85R\xd9\xcc\x82\x81\xa3\x0a\
\xabU6\xecRj\x13\x06\xffl1+\x84\x06\xdcj\
\xabT\xeb\xf9VVu\xd4\xd9*\xde\xfc\x13\xcaU=\
\x9b\x9dp/\xcf\xdc\xe6T\x1e\x9f\x1c\xa9\x9b\x16\xe3\xd0\
$\xab\xfe\x13\xf0]\xed\x12p\xf3\xbc:\xbct\xf1Z\
3\xb8f\xcah`5l\xfe\x8d\xc8\x19\xc9\x16\x1c&\
\xde\xba\x88Rg\x0e&\x19 \xc0\xe3\x7f\xb3\x91GS\
\x18\x03\xefB\x1bM\xc7D\xce\x96\xe0M\xf8\xd5\x88\xa1\
\xd3\xb9?\xe2\x02\xb3\xb8\xb1s\x08y\xe4\x9f\xae\xf2\x1e\
?#\x7f\xa0\x9f\x88\xab\x82\x1f3|\x0b&\x22\xc6\x9d\
aSP|`Nb\x05\x13\xfb\x0e*\x02\x86'\xf6\
I\xb1\xbc\xa0^`Jb\xd4-6\x05\xc5\x07\xe6$\
V0\xb1\xef\xa0\x22`xb\x9f\x14\xcb\x0b\xea\x05\xa6\
$F\xddbSP|`Nb\x09\xc3\x89\xb5\x83\x22\
\x95\xf9'k\xf7\xec\x8b\x11&&\xed2-0\x04a\
\x84-0h1\xc4x/\x890X\xd7\x03\x1d\x5c\xc7\
\xe6\xcd\x1f7x\x0c\xf7\x0c*\x22\xael\x14\xaf\x86W\
\xf6'O\xdb\xfc\x01 \x05\xba\xea|y\x1c\xda\xc6\x0b\
\xa8M\x1em\xfd[\x86\xcd7oM\xf2s\xb3hI\
\xc1\xbd@.\xc38\x1b\xd6;(X}\x9d\x18\x95K\
2\xc2s\x80\x14\xed\x14\x0b(\xb6\x063\x88J?\x0a\
\xba;\x00\xf0\x12\xc4Zxu\xe4\xce\xf7\xa8\xeb\x1fv\
EM\xfe\xb3\xec\x7f:HU\xa0k\xcc\x0d\xf6m\x06\
\xb8\xa0\x04\xc8[\xa0\xad\x0a\x00\xcb3\x04\x89\x1d\x01\xb5\
\xf1=\xd8\x1f\xe8\x06;\xb9\xb2'\x1e\xa2\x00Y\x16\xb1\
W\xcey\x0d\xae\x18\xf7\x12\x13t\xac\xd32!\xafu\
\xd9\xa7\xbd`\xea\xee@\x9aS\xf3\x90\xff\x11\xac6\xe7\
;\xce\xad\x1f\x81\x86\x87`\xdd\xb2UY\x1bJ\x1d\x08\
\xb5\xbfnvD\x9d$\xa7\xccE.k$\x03D\xde\
\x9c\xe09mK\xf2\xf5\x05Yu\xa3_i{\x8a\x15\
}\xb0\xd8;\x04s\xca0\x5c\x186\xf7\xebN\x9a\xbe\
\xe6\x9f}\x116\xbc,\x83l\xc56\xd5\xaa9\x13\xaa\
\xa8\xcc\xb5\x8eC\xa0\x8et7F\xab\xcc\x04@S\x86\
:E\xfee\xe0\xc5S\x0e\xc2\x83i\xb2\xc6\x98\xe5@\
\xa7\x81\x22F\xc7mH\x1950e6\x18\x1en\x1a\
l\x98\xbco\xa70\x11\x81\xdeFX\x8e+\xaaL\x8e\
\x98_\xf8h\xd5\x98X\x08\x03\x83,\xd2\xe1^E\xb6\
\xc5l\xca\xcb\x89,0X\x84k\xc8\x97p\xdc\x00d\
\xc5a\x16\x0e\xb0.Ic\xe4\xc3\xb38\xa1\xb8\x1b\x80\
V\x1a\x013\xd8Z\xfbM\x01!\xac\xc4 0\xe7\x0d\
\xc5\x88!\xfemk\xa8\xb2u\x11<4\x85\xc4\xd0\xf1\
\xe6,U4\xfd5\xbc\x90\x05%\xd0\xd4\xb3\x16\xdcs\
u\xb4T\x8b\x88th\xd6\xec\x0b\x05s\xb9F\x13\xdc\
\x97\x01\xb0\xefK\xec\x1a\x95Zw\xe6\x99\xf4\xc3\x9eQ\
\x05\
\x00\x00\x02U\
<\
svg xmlns=\x22http:\
//www.w3.org/200\
0/svg\x22  viewBox=\
\x220 0 24 24\x22 widt\
h=\x2224px\x22 height=\
\x2224px\x22><path d=\x22\
M 19.980469 2.99\
02344 A 1.0001 1\
.0001 0 0 0 19.8\
69141 3 L 15 3 A\
 1.0001 1.0001 0\
 1 0 15 5 L 17.5\
85938 5 L 8.2929\
688 14.292969 A \
1.0001 1.0001 0 \
1 0 9.7070312 15\
.707031 L 19 6.4\
140625 L 19 9 A \
1.0001 1.0001 0 \
1 0 21 9 L 21 4.\
1269531 A 1.0001\
 1.0001 0 0 0 19\
.980469 2.990234\
4 z M 5 3 C 3.90\
69372 3 3 3.9069\
372 3 5 L 3 19 C\
 3 20.093063 3.9\
069372 21 5 21 L\
 19 21 C 20.0930\
63 21 21 20.0930\
63 21 19 L 21 13\
 A 1.0001 1.0001\
 0 1 0 19 13 L 1\
9 19 L 5 19 L 5 \
5 L 11 5 A 1.000\
1 1.0001 0 1 0 1\
1 3 L 5 3 z\x22/></\
svg>\
\x00\x00\x1e\x80\
\x89\
PNG\x0d\x0a\x1a\x0a\x00\x00\x00\x0dIHDR\x00\
\x00\x02\x00\x00\x00\x02\x00\x08\x06\x00\x00\x00\xf4x\xd4\xfa\
\x00\x00\x00\x04sBIT\x08\x08\x08\x08|\x08d\x88\
\x00\x00\x00\x09pHYs\x00\x00\x0e\xc4\x00\x00\x0e\xc4\
\x01\x95+\x0e\x1b\x00\x00\x00\x19tEXtSof\
tware\x00www.inksca\
pe.org\x9b\xee<\x1a\x00\x00\x1d\xfdID\
ATx\x9c\xed\xddy\xd0eg]'\xf0owB\
\xd2Y\x08aK\x82\x90\x0d4\x10\x02\xb2\x86%\x91H\
\x02\xc3\x80\xcc\x94Rcc\xd8\x04K\x18-\x81q\xac\
Ap\x98\x9a\x1aJ\xd0\xa9\x19\xc1\x01GfFEf\
\x04dX\x22B\xc5\x19\xc2\x14aSYB\x12\xb3\x18\
\x81\x08\x09\x01d\x0b\x04\xb2v\x96N\xf7\xfcq\xfa\x95\
N\xf3v\xf7\xbd\xef=\xcfy\xce9\xcf\xe7S\xf5\x14\
\xb1\x84\xfb\xfe\xeess\x9e\xdf\xf7>g\xb9\x09\x00\x00\
\x00\x00\x00\x00\x00\x00\x00\x00\x00\x00\x00\x00\x00\x00\x00\x00\
\x00\x00\x00\x00\x00\x00\x00\x00\x00\x00\x00\x00\x00\x00\x00\x00\
\x00\x00\x00\x00\x00\x00\x00\xcc\xc4\xa6\xda\x05\x00\x83\xd8\x94\
\xe4\x94$\x8fLrR\x92\xa3\x93\x1c\xb6\xeb\xffws\
\x92o&\xb92\xc9%I\xfe.\xc9\xce\x0a5\x02\x00\
=80\xc93\x93\xbc#\xc9w\xd25\xf5E\xc6\xb5\
I\xde\x96\xe4\xa7v\xbd\x06\x000\x01[\x92\xbc<\xc9\
\xd5Y\xbc\xe9\xefm\x5c\x95\xe4eI\x0e\x1e\xf4\x1d\x00\
\x00Kyf\x92/f\xf5\xc6\xbf\xe7\xb82\xc93\x06\
|\x1f\x00\xc0\x02\xb6$yS\xfao\xfc{\x8e\xb7%\
9t\xa0\xf7\x04\x00\xec\xc3QI.L\xf9\xe6\xbf6\
.\xd8\xf57\x01\x80J\x8eO\xb7=?T\xf3\xdf\xfd\
\x94\xc0\xf1\x03\xbc?\x00`\x0f\xc7%\xf9R\x86o\xfe\
k\xe3\x9a$\x0f,\xfe.\x01\x80\x7fT\xbb\xf9\x0b\x01\
\x000\xb0\xb14\x7f!\x00\x00\x062\xb6\xe6/\x04\x00\
@acm\xfeB\x00\x00\x142\xf6\xe6/\x04\x00@\
\xcf\xa6\xd2\xfc\x85\x00\x00\xe8\xc9\xd4\x9a\xbf\x10\x00\x00+\
\x9aj\xf3\x17\x02\x00`\x83\xa6\xde\xfc\x85\x00\x00X\xd2\
\x5c\x9a\xbf\x10\x00\x00\x0b\x9a[\xf3\x17\x02\x00`?\xe6\
\xda\xfc\x85\x00\x00\xd8\x8b\xb97\x7f!\x00\x00\xf6\xd0J\
\xf3\x17\x02\x00`\x97\xd6\x9a\xbf\x10\x00@\xf3Zm\xfe\
B\x00\x00\xcdj\xbd\xf9\x0b\x01\x004G\xf3\x17\x02\x00\
h\x8c\xe6/\x04\x00\xd0\x18\xcd_\x08\x00\xa01\x9a\xbf\
\x10\x00@c4\x7f!\x00\x80\xc6h\xfeB\x00\x00\x8d\
\xd1\xfc\x85\x00\x00\x1a\xa3\xf9\x0b\x01\x004F\xf3\x17\x02\
\x00h\x8c\xe6/\x04\x00\xd0\x18\xcd_\x08\x00\xa01\x9a\
\xbf\x10\x00@c4\x7f!\x00\x80\xc6h\xfeB\x00\x00\
\x8d\xd1\xfc\x85\x00\x00\x1a\xa3\xf9\x8fc\x08\x01\x00\x0cF\
\xf3\x1f\xd7\x10\x02\x00(N\xf3\x1f\xe7\x10\x02\x00(F\
\xf3\x1f\xf7\x10\x02\x00\xe8\x9d\xe6?\x8d!\x04\x00\xd0\x1b\
\xcd\x7fZC\x08\x00`e\x9a\xff4\x87\x10\x00\xc0\x86\
i\xfe\xd3\x1eB\x00\x00K\xd3\xfc\xe71\x84\x00\x00\x16\
\xa6\xf9\xcfk\x08\x01\x00\xec\x97\xe6?\xcf!\x04\x00\xb0\
W\x9a\xff\xbc\x87\x10\x00\xc0\x0f\xd1\xfc\xdb\x18B\x00\x00\
\xffH\xf3ok\x08\x01\x00h\xfe\x8d\x0e!\x00\xa0a\
\x9a\x7f\xdbC\x08\x00h\x90\xe6o\x08\x014mS\xed\
\x02\xa0\x82\xe3\x92|4\x16~:_Irf\x92\xab\
j\x17\x02C\x12\x00h\x8d\xe6\xcfz\x84\x00\x9a#\x00\
\xd0\x12\xcd\x9f}\x11\x02h\x8a\x00@+4\x7f\x16!\
\x04\xd0\x0c\x01\x80\x16h\xfe,C\x08\xa0\x09\x02\x00s\
\xa7\xf9\xb3\x11B\x00\xb3'\x000g\x9a?\xab\x10\x02\
\x985\x01\x80\xb9\xd2\xfc\xe9\x83\x10\xc0l\x09\x00\xcc\x91\
\xe6O\x9f\x84\x00fI\x00`n4\x7fJ\x10\x02\x98\
\x1d\x01\x809\xd1\xfc)I\x08`V\x04\x00\xe6B\xf3\
g\x08B\x00\xb3!\x000\x07\x9a?C\x12\x02\x98\x05\
\x01\x80\xa9\xd3\xfc\xa9A\x08`\xf2\x04\x00\xa6L\xf3\xa7\
&!\x80I\x13\x00\x98*\xcd\x9f1\x10\x02\x98\xac\xcd\
\xb5\x0b\x80\x0d8>\xc9\xc7\xd3N\xf3\xbf3\xc9{j\
\x17\xb1\x84\xf7\xa4\xab\xb9\x05\xc7%9?\xdd\xbf\x930\
)\x02\x00Ss\x5c\x92\x8f$9\xa1r\x1dC\xb93\
\xc9\x8b\x92\x9cS\xb9\x8ee\x9c\x93\xe49I\xb6\xd7.\
d '$\xf9D\xda\x09\xa4\xcc\x84\x00\xc0\x94\xb4\xb6\
\xed\xbf\xd6\xfc\xdfQ\xb9\x8e\x8dxo\x92\xe7\xa6\x9d\x10\
\xd0\xda\xbf\x9b\xcc\x80\x00\xc0T\xb4\xb6\xc0N\xb9\xf9\xaf\
\x11\x02`\xc4\x04\x00\xa6\xa0\xb5\x85u\x0e\xcd\x7f\x8d\x10\
\x00#%\x000v\xad-\xa8sj\xfek\x84\x00\x18\
!\x01\x801km!\x9dc\xf3_#\x04\xc0\xc8\x08\
\x00\x8cUk\x0b\xe8\x9c\x9b\xff\x1a!\x00FD\x00`\
\x8cZ[8[h\xfek\x84\x00\x18\x09\x01\x80\xb1i\
m\xc1l\xa9\xf9\xaf\x11\x02`\x04\x04\x00\xc6\xa4\xb5\x85\
\xb2\xc5\xe6\xbfF\x08\x80\xca\x04\x00\xc6\xa2\xb5\x05\xb2\xe5\
\xe6\xbfF\x08\x80\x8a\x04\x00\xc6\xa0\xb5\x85Q\xf3\xff\x01\
!\x00*\x11\x00\xa8\xad\xb5\x05Q\xf3\xffaB\x00T\
 \x00PSk\x0b\xa1\xe6\xbfwB\x00\x0cL\x00\xa0\
\x96\xd6\x16@\xcd\x7f\xff\x84\x00\x18\x90\x00@\x0d\xad-\
|\x9a\xff\xe2\x84\x00\x18\x88\x00\xc0\xd0Z[\xf04\xff\
\xe5\x09\x010\x00\x01\x80!\xb5\xb6\xd0i\xfe\x1b'\x04\
@a\x02\x00Cim\x81\xd3\xfcW'\x04@A\x02\
\x00Chma\xd3\xfc\xfb#\x04@!\x02\x00\xa5\xb5\
\xb6\xa0i\xfe\xfd\x13\x02\xa0\x00\x01\x80\x92Z[\xc84\
\xffr\x84\x00\xe8\x99\x00@)\xad-`\x9a\x7fyB\
\x00\xf4H\x00\xa0\x84\xd6\x16.\xcd\x7f8B\x00\xf4D\
\x00\xa0o\xad-X\x9a\xff\xf0\x84\x00\xe8\x81\x00@\x9f\
Z[\xa84\xffz\x84\x00X\x91\x00@_Z[\xa0\
4\xff\xfa\x84\x00X\x81\x00@\x1fZ[\x984\xff\xf1\
\x10\x02`\x83\x04\x00V\xd5\xda\x82\xa4\xf9\x8f\x8f\x10\x00\
\x1b \x00\xb0\x8a\xd6\x16\x22\xcd\x7f\xbc\x84\x00X\x92\x00\
\xc0F\xb5\xb6\x00i\xfe\xe3'\x04\xc0\x12\x04\x006\xa2\
\xb5\x85G\xf3\x9f\x0e!\x00\x16$\x00\xb0\xac\xd6\x16\x1c\
\xcd\x7fz\x84\x00X\x80\x00\xc02Z[h4\xff\xe9\
\x12\x02`?\x04\x00\x16\xd5\xda\x02\xa3\xf9O\x9f\x10\x00\
\xfb \x00\xb0\x88\xd6\x16\x16\xcd\x7f>\x84\x00\xd8\x0b\x01\
\x80\xfdimA\xd1\xfc\xe7G\x08\x80u\x08\x00\xecK\
k\x0b\x89\xe6?_B\x00\xecA\x00`oZ[@\
4\xff\xf9\x13\x02`7\x02\x00\xebim\xe1\xd0\xfc\xdb\
!\x04\xc0.\x02\x00{jm\xc1\xd0\xfc\xdb#\x04@\
\x04\x00\xee\xaa\xb5\x85B\xf3o\x97\x10@\xf3\x04\x00\xd6\
\xb4\xb6@h\xfe\x08\x014M\x00 ioa\xd0\xfc\
Y#\x04\xd0,\x01\x80\xd6\x16\x04\xcd\x9f=\x09\x014\
I\x00h[k\x0b\x81\xe6\xcf\xde\x08\x014G\x00h\
Wk\x0b\x80\xe6\xcf\xfe\x08\x014E\x00hSk\x07\
\xbe\xe6\xcf\xa2\x84\x00\x9a!\x00\xb4\xa7\xb5\x03^\xf3g\
YB\x00M\x10\x00\xda\xd2\xda\x81\xae\xf9\xb3QB\x00\
\xb3'\x00\xb4\xa3\xb5\x03\x5c\xf3gUB\x00\xb3&\x00\
\xb4\xa1\xb5\x03[\xf3\xa7/B\x00\xb3%\x00\xcc_k\
\x07\xb4\xe6O\xdf\x84\x00fI\x00\x98\xb7\xd6\x0ed\xcd\
\x9fR\x84\x00fG\x00\x98\xaf\xd6\x0e`\xcd\x9f\xd2\x84\
\x00fE\x00\x98\xa7\xd6\x0e\x5c\xcd\x9f\xa1\x08\x01\xcc\x86\
\x000?\xad\x1d\xb0\x9a?C\x13\x02\x98\x05\x01`^\
Z;P5\x7fj\x11\x02\x98<\x01`>Z;@\
5\x7fj\x13\x02\x984\x01`\x1eZ;05\x7f\xc6\
B\x08`\xb2\x04\x80\xe9;6\xc9\xc7\xd3\xce\x01yg\
\x92\xe7G\xf3g<\xde\x9b\xe4\x05\xe9\xfe\xddl\xc1q\
I\xceO\xf2\x80\xda\x85\xb0\x1a\x01`\xda\x8eHrn\
\x92\x13*\xd71\x94\xb5o\xfe\xef\xaa\x5c\x07\xec\xe9]\
I\x9e\x93vv\x02NHr^\x92#+\xd7\xc1\x0a\
\x04\x80\xe9\xda\x94\xe4\x7f'yD\xedB\x06\xe2\x9b?\
c\xd7\xdaN\xc0)I\xde\x9en-\x02\x06\xf4\xf2$\
;\x1b\x19\xdb\x93\x9c\xdd\xcf\xb4M\xd6\xd6\xd4\xff\x1c\x16\
\x1d[\x0b\xcd\xc1T\x9c\x9d\xee\xdf\xd9\xda\x9f\xc3P\xe3\
\xa5\xfdL\x1b\xb0\x88\xfb'\xb9)\xf5\x0f\xfc!\xc6\xf6\
t\xdf\xfc['\x00L\xcb\xd6$w\xa4\xfeg1\xc4\
\xb81\xc9\x8f\xf43m\x0c\xc9)\x80i\xfa\xad$\x87\
\xd5.b\x00\xb6\xfd\x99\xaa\x96N\x07\x1c\x9e\xe4u\xb5\
\x8b\x80\x16\x1c\x9f6\xbeY\xf8\xe6\x7fWv\x00\xa6\xa9\
\x95\x9d\x80;\xd2\xdd\x1d\xc0\x84\xd8\x01\x98\x9e\x97'9\
\xb0v\x11\x85\xf9\xe6\xcf\x5c\xb4\xb2\x13p`\x92\x97\xd5\
.\x82\xe5\x08\x00\xd3\xb29\xdd\xadFs\xe6V?\xe6\
\xa6\x95[\x04\x9f\x1f=eR|X\xd3rz\xe6}\
\xb1\x8do\xfe\xccU\x0b;\x01\xf7K\xf2\xf8\xdaE\xb0\
8\x01`Z\x9e\x5c\xbb\x80\x82|\xf3g\xeeZ\xd8\x09\
xr\xed\x02X\xdc\xdc\xcf%\xcf\xcd\x5c\xd3\xf5\xda7\
\x7f\xcd\x9f\xb9{o\x92\x03\xd2\xedr\x1dP\xb9\x96\x12\
\x9eX\xbb\x00\x16g\x07`ZN\xaa]@\x01\xbe\xf9\
\xd3\x9a9\xef\x04\xfcX\xed\x02X\x9c\x1d\x80\xe9\xd8\x94\
\xee\x16\xc09\xf1\xcd\x9fV\xcdu'\xe0\xc4\xda\x05\xb0\
8;\x00\xd3qp\x92\x83j\x17\xd1#\xdf\xfci\xdd\
\x1cw\x02\xe6\xb6N\xcd\x9a\x000\x1d\x07\xd7.\xa0G\
\xae\xf6\x87\xce\x1c\xef\x0e8\xa4v\x01,F\x00\x98\x8e\
m\xb5\x0b\xe8\x89o\xfepWs\xdb\x09\xb8\xb9v\x01\
,F\x00\x98\x8e\xdb3\xfd\x03\xcb7\x7fX\xdf\x5cv\
\x02n\xca|\x82\xcc\xec\x09\x00\xd3ru\xed\x02V\xe0\
\x9b?\xec\xdb\x1cv\x02\xbeT\xbb\x00\x16'\x00L\xcb\
\xe7j\x17\xb0A\xbe\xf9\xc3b\xa6\xbe\x13\xf0\xf9\xda\x05\
\xb08\x01`Z>Y\xbb\x80\x0d\xf0\xcd\x1f\x963\xe5\
\x9d\x80\xbf\xac]\x00\x8b\xf3\x1c\x80i9\xbfv\x01K\
r\x9f?l\xccT\x9f\x13\xf0\x91\xda\x05\xb08;\x00\
\xd3ry\x92+j\x17\xb1 \xdf\xfca5S\xdb\x09\
\xb8,\xd3=M\xd9$\x01`z\xa6p\x1e\xdd9\x7f\
\xe8\xc7\x94\xae\x09p\xbcCa\xf7H\xf2\xfd$;G\
:\xb6\xa7k\xfe\xf4kk\xea\x7f\xb6\x8b\x8e\xad\x85\xe6\
\xa0e[\x93\xdc\x91\xfa\x9f\xed\xde\xc6\xf5I\x8e,\xf6\
\xee)\xc2\x0e\xc0\xf4\x5c\x9f\xe4\xcd\xb5\x8b\xd8\x0b\xdf\xfc\
\xa1\x8c\xb1\xef\x04\xbc)\xdd\x17\x13\xa0\xb0C\x93\x5c\x93\
\xfa\xa9\xdf7\xff\xe1\xd8\x01 \x19\xe7N\xc0W\x93\x1c\
V\xf2MS\x86\x1d\x80i\xba%\xc9K\xd3\x1d|c\
\xe0\x9b?\x0ccl;\x01;\x93\xfcR\xa6\xff\x94R\
\x98\x9c\xff\x92\xfa\xe9\x7f{\x92\xb3K\xbfQ\xec\x00p\
\x17g\xa7;\xf6j\x7f\xd6\xaf/\xfdF\x81\xf5\x1d\x90\
\xe4}\xa9\xdb\xfcm\xfb\x0fC\x00`O\xb5O\x07\x9c\
\x1b\xcf\x92\x81\xaa\x0eM\xf2\xd1\x0c\x7f\xf0\xdf\x1e\xdf\xfc\
\x87$\x00\xb0\x9e\xb3\xd3\x1d\x8bC\x7f\xc6\x1fM\xb7\xf6\
\x00\x95mIrN\x86;\xf8\xafO\xf2\xb4A\xde\x19\
k\x04\x00\xf6\xe6iIn\xc8p\x9f\xef{\x92\x1c<\
\xc8;\x03\x16\xb29\xc9\xabR~K\xf0\x92$\x0f\x1d\
\xe8=\xf1\x03\x02\x00\xfbrJ\xba'\xf1\x95\xfc\x5co\
O\xf2\xebI6\x0d\xf4\x9e\x80%=6\xc9\x05\xe9\xff\
\xe0\xdf\x96\xe4u\x91\xfck\x11\x00\xd8\x9f-I~;\
\xdd\xb1\xda\xf7g\xfa\xe9$\x8f\x19\xee\xad\x00\x1b\xb59\
\xdd\xc5y\x97g\xf5\x03\xff\xd6$oIr\xc2\x90o\
\x80\x1f\x22\x00\xb0\xa8\x13\x93\xbc5\xdd\xb1\xbb\xeagy\
Y\x92\xe7\xc6-\xe309\x9b\x92\x9c\x95\xe4\x8f\x93|\
;\x8b\x1f\xf4w\xa6K\xfc\xff&\xc9\xd1\x83W\xcdz\
\x04\x00\x96uL\x92W$\xf9L\x92\x1dY\xfc\xf3\xfb\
V\x92?Jrfl\xf7\xcf\x9a\x0f\xb7\x1d\x9b\xd2\x9d\
'|\x5c\x92\x93\x92< \xdd\xef\x0a\x1c\x9c\xee\x11\x9e\
\xdfKrU\x92\xbfM\xf2\xc9]\xff7\xe3\xb15\xdd\
\xc5WS\xf0\xect\x0f\xaca<\xee\x95\xe4\xb4$\x0f\
K\xb7Cp\xcft\xcf\xee\xbf-\xddE\xbd_K\xf2\
\x85$\x9fM\xf7\x8b\xa3;\xeb\x94\x09\xc0\x9e\xec\x00\x00\
\xbdr^\x07\x00\x1a$\x00\x00@\x83\x04\x00\x00h\x90\
\x00\x00\x00\x0d\x12\x00\x00\xa0A\x02\x00\x004H\x00\x00\
\x80\x06\x09\x00\x00\xd0 \x01\x00\x00\x1a$\x00\x00@\x83\
\x04\x00\x00h\x90\x00\x00\x00\x0d\x12\x00\x00\xa0A\x02\x00\
\x004H\x00\x00\x80\x06\x09\x00\x00\xd0 \x01\x00\x00\x1a\
$\x00\x00@\x83\x04\x00\x00h\x90\x00\x00\x00\x0d\x12\x00\
\x00\xa0A\x02\x00\x004H\x00\x00\x80\x06\x09\x00\x00\xd0\
 \x01\x00\x00\x1a$\x00\x00@\x83\x04\x00\x00h\x90\x00\
\x00\x00\x0d\x12\x00\x00\xa0A\x02\x00\x004H\x00\x00\x80\
\x06\x09\x00\x00\xd0 \x01\x00\x00\x1a$\x00\x00@\x83\x04\
\x00\x00h\x90\x00\x00\x00\x0d\x12\x00\x00\xa0A\x02\x00\x00\
4H\x00\x00\x80\x06\x09\x00\x00\xd0 \x01\x00\x00\x1a$\
\x00\x00@\x83\x04\x00\x00h\x90\x00\x00\x00\x0d\x12\x00\x00\
\xa0A\x02\x00\x004H\x00\x00\x80\x06\x09\x00\x00\xd0 \
\x01\x00\x00\x1a$\x00\x00@\x83\x04\x00\x00h\x90\x00\x00\
\x00\x0d\x12\x00\x00\xa0A\x02\x00\x004H\x00\x00\x80\x06\
\x09\x00\x00\xd0 \x01\x00\x00\x1a$\x00\x00@\x83\x04\x00\
\x00h\x90\x00\x00\x00\x0d\x12\x00\x00\xa0A\x02\x00\x004\
H\x00\x00\x80\x06\x09\x00\x00\xd0 \x01\x00\x00\x1a$\x00\
\x00@\x83\x04\x00\x00h\x90\x00\x00\x00\x0d\x12\x00\x00\xa0\
A\x02\x00\x004H\x00\x00\x80\x06\x09\x00\x00\xd0 \x01\
\x00\x00\x1a$\x00\x00@\x83\x04\x00\x00h\x90\x00\x00\x00\
\x0d\x12\x00\x00\xa0A\x02\x00\x004H\x00\x00\x80\x06\x09\
\x00\x00\xd0 \x01\x00\x00\x1a$\x00\x00@\x83\x04\x00\x00\
h\x90\x00\x00\x00\x0d:\xb0v\x01{qX\x92\xc7%\
yH\x92\x1fKrx\x92#\x93\xdc\x92\xe4\xe6$\xd7\
$\xf9B\x92\xcf&\xf9z\xa5\x1a\x01h\xdb\x8f\xa4\xeb\
U'%9>]\xef:4\xc9\xf7\x93\xdc\x94\xe4\xca\
$\x9fOrA\xba\xfe5*c\x0a\x00\xf7J\xf2\x9c\
$\xcfN\xf2\x84$\x07-\xf8\xbf\xfb|\x92\x0f$y\
{\x92+\xca\x94\x06\x00I\x92\x87%yA\x92\x9fN\
\xf2\xe0\x05\xff7\xb7'\xf9T\x92w\xef\x1a\xd7\x95)\
mz\x8eO\xf2\xe6$\xdb\x92\xec\x5cq\x9c\x9f\xe4\xcc\
a\xcb\x87Al\xcd\xea\xc7\xc7Pck\xa19\x80\x9a\
\x9e\x92\xe4#Y\xfd\xf8\xd8\x96\xe4\xf7\x93\x1c7l\xf9\
\xe3rP\x92W\xa5\x9f\xc6\xbf\xe787\xc9\x89\xc3\xbd\
\x15(N\x00\x80:\x1e\x90\xe4\xbd\xe9\xff8\xb9%\xc9\
k\x92l\x19\xec\x9d\x8c\xc4\x83\x93\x5c\x92\xb2\x8b\xd0\x0d\
I\x9e7\xd4\x1b\x82\xc2\x04\x00\x18\xde\xf3\x93\xdc\x98\xb2\
\xc7\xcb\x15IN\x19\xea\x0d\xd5\xf6\x8c\x94\x9f\xd0\xdd\xc7\
\xef&\xd94\xc8;\x83r\x04\x00\x18\xce\xe6$o\xcc\
p\xc7\xcc\x0dI\x9e6\xc8;\xab\xe8\xe7\xd2]\x0c1\
\xf4\x82\xf4\xf6\xb8\xe5\x91i\x13\x00`\x18\x07$yG\
\x86?nn\xcb\x8c\x8f\x9d\xa7\xa6{\x83\xb5\x16\xa5\xff\
Q\xfe-B1\x02\x00\x0c\xe3\xf7R\xef\xd8\xb9=\xc9\
\xd3\xcb\xbf\xc5a=$\xc3n\xfb\xefm\xbc\xbc\xf4\x1b\
\x85B\x04\x00(\xef\xd7R\xff\xf8\xb9>\xdd\xf3of\
aK\x92\xcbR\x7fRw&\xb95\xc9c\xca\xbe]\
(B\x00\x80\xb2NM\xdd]\xea\xdd\xc7\xdf$9\xb8\
\xec\xdb\x1d\xe6\xbc\xf8o$y\xf8\x00\x7fg\x11\x07'\
yk\xc6\xf5\x00$\x00\xea: \xc9\x1ff\xf1\x07\xd0\
\x95\xf6\xc8$\xaf\xa8]\xc4\xaa\x8eO\x99\xfb\xfcW\x1d\
\xbf\x5c\xf2MC\x01v\x00\xa0\x9c\x97\xa5\xfeq\xb3\xe7\
\xb89\xdd3\x08\x8a)\xbd\x03\xf0\xaa\x8c\xf3!\x07\xaf\
\xcex\x92\x1e\x00\xf5\xdc-\xc9\xaf\xd7.b\x1d\x87\xa6\
p]%\x03\xc0\xbd\x93\xfcB\xc1\xd7_\xc5\xb1\xe9n\
I\x04\xa0m\xcf\xcdx\x1f\xcb\xfb\x92$\xf7,\xf5\xe2\
%\x03\xc0\xd9\x19\xe7\xb7\xff5/\xac]\x00\x00\xd5\xbd\
\xa8v\x01\xfbpH\xba\x1f\xc8+\xa2d\x00(Vt\
O\xceLrT\xed\x22\x00\xa8\xe6\x98$g\xd4.b\
?\x8a\xedV\x97\x0a\x00\x87\xa6\xfbI\xdf1\xdb\x1c\xbf\
\x1c\x08\xd0\xb2\xb32\xfe\xa7\xc4\x9e\x9e\xae\xa7\xf6\xae\xd4\
\x1b\x7f|\xa6q\x91\xddO\xd4.\x00\x80jN\xaf]\
\xc0\x02\x0eJ\xf7\x8c\x82\xde\x95\x0a\x00'\x17z\xdd\xbe\
M\xa5N\x00\xfa\xf7\xd0\xda\x05,\xe8!%^\xb4T\
\x00xP\xa1\xd7\xed\xdbT\xea\x04\xa0\x7f\x0f\xac]\xc0\
\x82~\xb4\xc4\x8b\x96\x0a\x00\xf7(\xf4\xba};\xb2v\
\x01\x00T3\x95\x1eP\xa4\xa7\x96\x0a\x00\x87\x17z\xdd\
\xbe\xdd\xbdv\x01\x00TsX\xed\x02\x16T\xa4W\x95\
\x0a\x00c\xbf\xaar\xcd\x01\xb5\x0b\x00\xa0\x9a\xa9\xf4\x80\
\x22uN\xa5Q\x03\x00=\x12\x00\x00\xa0A\x02\x00\x00\
4H\x00\x00\x80\x06\x09\x00\x00\xd0 \x01\x00\x00\x1a$\
\x00\x00@\x83\x04\x00\x00h\x90\x00\x00\x00\x0d\x12\x00\x00\
\xa0A\x02\x00\x004H\x00\x00\x80\x06\x09\x00\x00\xd0 \
\x01\x00\x00\x1a$\x00\x00@\x83\x04\x00\x00h\x90\x00\x00\
\x00\x0d\x12\x00\x00\xa0A\x02\x00\x004H\x00\x00\x80\x06\
\x09\x00\x00\xd0 \x01\x00\x00\x1a$\x00\x00@\x83\x04\x00\
\x00h\x90\x00\x00\x00\x0d\x12\x00\x00\xa0A\x02\x00\x004\
H\x00\x00\x80\x06\x09\x00\x00\xd0 \x01\x00\x00\x1a$\x00\
\x00@\x83\x04\x00\x00h\x90\x00\x00\x00\x0d\x12\x00\x00\xa0\
A\x02\x00\x004H\x00\x00\x80\x06\x09\x00\x00\xd0 \x01\
\x00\x00\x1a$\x00\x00@\x83\x04\x00\x00h\x90\x00\x00\x00\
\x0d\x12\x00\x00\xa0A\x02\x00\x004H\x00\x00\x80\x06\x09\
\x00\x00\xd0 \x01\x00\x00\x1a$\x00\x00@\x83\x04\x00\x00\
h\x90\x00\x00\x00\x0d\x12\x00\x00\xa0A\x02\x00\x004H\
\x00\x00\x80\x06\x09\x00\x00\xd0 \x01\x00\x00\x1a$\x00\x00\
@\x83\x04\x00\x00h\x90\x00\x00\x00\x0d\x12\x00\x00\xa0A\
\x02\x00\x004H\x00\x00\x80\x06\x09\x00\x00\xd0 \x01\x00\
\x00\x1a$\x00\xc04\xec\xac]\xc0\x12\xa6T+4K\
\x00\x80i\xd8V\xbb\x80%\xdc\x5c\xbb\x00`\xff\x04\x00\
\x98\x86\x1bk\x17\xb0\x84)\xd5\x0a\xcd\x12\x00`\x1a\xbe\
R\xbb\x80%\x5cS\xbb\x00`\xff\x04\x00\x98\x86\xafd\
\x1a\xa7\x01nI\xf2\xb5\xdaE\x00\xfb'\x00\xc04\xec\
HrQ\xed\x22\x16\xf0\xd9\xb8\x08\x10&A\x00\x80\xe9\
\xf8h\xed\x02\x160\x85\x1a\x81\x08\x000%\x1f\xa8]\
\xc0\x02\xde_\xbb\x00`1\x02\x00L\xc7EI\xfe\xb6\
v\x11\xfbpE\x92Kk\x17\x01,F\x00\x80iy\
s\xed\x02\xf6\xe1\x8d\xb5\x0b\x00\x16'\x00\xc0\xb4\xfc\xcf\
$\xffP\xbb\x88u|%\xc9\xdbj\x17\x01,N\x00\
\x80i\xb9-\xc9o\xd4.b\x1d\xafLr{\xed\x22\
\x80\xc5\x09\x000=\x7f\x9a\xe4\xfc\xdaE\xec\xe6\xff%\
yw\xed\x22\x80\xe5\x08\x000=;\x93</\xc97\
k\x17\x92\xe4\xdbI~\xa1v\x11\xc0\xf2\x04\x00\x98\xa6\
o%9;\xc9\xad\x15k\xb85\xc9\xcf&\xf9z\xc5\
\x1a\x80\x0d\x12\x00`\xba>\x9en'`{\x85\xbf\xbd\
=\xc9s\x93\xfce\x85\xbf\x0d\xf4@\x00\x80i{_\
\x92g\xa5{\x06\xffPnI\xf23I\xfe|\xc0\xbf\
\x09\xf4L\x00\x80\xe9\xfb\x8b$g$\xb9j\x80\xbf\xf5\
\xc5$OJ\xf2\x7f\x06\xf8[@A\x02\x00\xcc\xc3E\
I\x1e\x9d\xe4\xad)\xf3c<;\x92\xbc%\xc9c\x92\
\x5c\x5c\xe0\xf5\x81\x81\x09\x000\x1f\xd7'\xf9\xc5$\xa7\
\xa7\xdf\x1f\xe59?\xc9iI^\x92\xe4\x86\x1e_\x17\
\xa8H\x00\x80\xf9\xf9T\x92\xb3\x92<1\xdd\x8e\xc0F\
\x9a\xf6\xf5I\xfe8\xc9\x13\x92<5\xc9gz\xab\x0e\
\x18\x85\x03k\x17\x00\x14\xf3\xe9]\xe3\xa5\xe9\xc2\xc0\x99\
I\x1e\x96\xe4\xc1I\x8eIr\xf8\xae\xff\xdeMI\xbe\
\x91\xe4\xca$\x97\xa7\xdb=\xf8T\xba\xa7\x0e\x023%\
\x00\xc0\xfc\xdd\x9a\xae\xa9\xf7yZ\x00\x988\xa7\x00\x00\
\xa0A\x02\x00\x004H\x00\x00\x80\x06\x09\x00\xc9\xa6\xda\
\x05\x000\xb8\xe6\xd7\xfeR\x01\xe0\x8eB\xaf[\x82\x0b\
!\x01\xdasP\xed\x02\x96P\xe4\x8e\x9cR\x01`J\
\xb7\x0f\x1d\x5c\xbb\x00\x00\x067\xa5\xb5_\x00(dJ\
\xff\x12\x00\xd0\x8f-\xb5\x0bX\xc2\xed%^\xb4T\x00\
(Rl!\xf7\xaa]\x00\x00\x83\xbbw\xed\x02\x96p\
k\x89\x17\xb5\x03\x90\xdc\xa7v\x01\x00\x0cnJ\x01`\
R\xa7\x00\xae/\xf4\xba%\x08\x00\x00\xed\x99\xd2\xda_\
\xa4\xa7\x96\x0a\x00\xdf)\xf4\xba%\x1cW\xbb\x00\x00\x06\
w|\xed\x02\x96pm\x89\x17-\x15\x00\xbe[\xe8u\
K8\xa1v\x01\x00\x0c\xee\xc4\xda\x05,\xa1HO\xb5\
\x03\x90<\xa8v\x01\x00\x0cN\x00(\xf1\xa2\x99V\x00\
8\xa5v\x01\x00\x0c\xee\xe1\xb5\x0bXB\x91S\x00\xa5\
\x1e\x85x\xafL\xe74\xc0\x8e$G$\xb9\xb9v!\
\x00\x0c\xe2\xee\xe9.\xac\x9b\xca\xe3\x80\x8fL\x81\x0b\x01\
K\xed\x00\x5c\x97\xe9\xdc\x09\xb09\xd3J\x82\x00\xac\xe6\
\xc73\x9d\xe6_\xac\x9f\x96\xfc1\xa0k\x0a\xbev\xdf\
~\xb2v\x01\x00\x0c\xe6\xcc\xda\x05,\xe1\xeaR/\x5c\
2\x00\x14+\xba\x80)\xfd\xcb\x00\xc0j\xa6\xb4\xe6O\
2\x00|\xb9\xe0k\xf7\xedI\xf1\x9b\x00\x00-\xd8\x92\
\xe4\x89\xb5\x8bX\xc2$\x03\xc0\x17\x0a\xbev\xdf\x0eM\
\xf2\xb8\xdaE\x00P\xdciI\x0e\xa9]\xc4\x12\xfe\xbe\
\xd4\x0b\x97\x0c\x00\x97\x17|\xed\x12\xce\xaa]\x00\x00\xc5\
Mm\xad\xbf\xb4v\x01\x1bqD\xba[\xecvNd\
|\xa6\xcc4\x000\x22\x17\xa7~\xbfYt\xdc\x99\xe4\
\xb02\xd3P\xdeU\xa9?\x81\xcb\x8c\x87\x94\x99\x06\x00\
F\xe0\xa1\xa9\xdfg\x96\x19W\x96\x99\x86N\xc9S\x00\
IrY\xe1\xd7\xef\xdb\xf3k\x17\x00@1/\xac]\
\xc0\x92\x8a\xf6\xd0\xd2\x01\xe0\xa2\xc2\xaf\xdf\xb7\x17\xa4\xfc\
\x9c\x000\xbc\xcdI\x9eW\xbb\x88%]\x5c\xf2\xc5K\
7\xbbO\x16~\xfd\xbe\x1d\x97\xe4\x8c\xdaE\x00\xd0\xbb\
\xa7$\xb9\x7f\xed\x22\x96\xf4W%_\xbct\x00\xf8L\
\x92\xed\x85\xffF\xdf^T\xbb\x00\x00z\xf7\xf3\xb5\x0b\
X\xd2\xedI.\xac]\xc4\xaa.L\xfd\x0b)\x96\x19\
\xb7\xa7\xdb\x09\x00`\x1e\x8eMr[\xea\xf7\x97eF\
\xf1\x1d\xf4!\xcew\xff\xf5\x00\x7f\xa3OwK\xf2k\
\xb5\x8b\x00\xa07\xafJrP\xed\x22\x964\xb5\xde\xb9\
\xae\x9fI\xfd$\xb5\xec\xb89\xc9Q%&\x03\x80A\
\xdd/\xc9\xb6\xd4\xef+\xcb\x8eg\x96\x98\x8c\xa1\x1d\x9e\
\xe4\xd6\xd4\x9f\xcce\xc7o\x97\x98\x0c\x00\x06\xf5\xfa\xd4\
\xef'\xcb\x8em\xe9\x1eQ?\x0b\xe7\xa7\xfe\x84.;\
\xaeOr\xcf\x12\x93\x01\xc0 \xee\x93\xe4\xc6\xd4\xef'\
\xcb\x8e\x0f\x95\x98\x8c=\x0du\xcf\xfby\x03\xfd\x9d>\
\x1d\x91\xe45\xb5\x8b\x00`\xc3^\x97n\x17zj>\
X\xbb\x80>\x9d\x92\xfa\x89j#c{\x92G\x15\x98\
\x0f\x00\xca:5\xdd\xb3\xf4k\xf7\x91\x8d\x8c\xd9=\x96\
\xfes\xa9?\xa9\x1b\x19\x17\xc4\xd3\x01\x01\xa6ds\x92\
O\xa7~\xff\xd8\xc8\xf8\x5c\x81\xf9X\xd7\x90\x8d\xed\x9c\
\x01\xffV\x9fNM\xf2\x8b\xb5\x8b\x00`a\xbf\x9c\xe4\
\xf1\xb5\x8b\xd8\xa0w\xd5.\xa0\x84\x87\xa7~\xb2\xda\xe8\
\xf8N\x92\xfb\xf6?%\x00\xf4\xec\xe8$\xd7\xa5~\xdf\
\xd8\xe88\xb9\xff)\x19\x87+R\x7fr7:\xfeo\
\x9c\x0a\x00\x18\xb3\xcd\xe9.:\xaf\xdd/6:.\xed\
\x7fJ\xf6n\xe8\x86\xf6\xee\x81\xff^\x9f\x9e\x91\xe4\x15\
\xb5\x8b\x00`\xaf\xfem\x92\x7fZ\xbb\x88\x15L\xb9G\
\xee\xd7\xb1\xe9\xae\xac\xaf\x9d\xb26:\xeeH\xf2\x13\xbd\
\xcf\x0a\x00\xab:#\xdd\x1a]\xbbOltlO\xd7\
#g\xed\x83\xa9?\xd1\xab\x8c\xaf\xa6{\xb8\x04\x00\xe3\
p\xdf$_K\xfd\xfe\xb0\xca8\xb7\xf7Y\x19\xa1g\
\xa5\xfeD\xaf:>\x94\xeeG\x83\x00\xa8\xeb\xa0L\xf3\
i\xb3{\x8e\x9f\xee{b\xc6\xe8\xc0$\xff\x90\xfa\x93\
\xbd\xeaxg\x5c\x14\x08P\xd3\xa6$\x7f\x92\xfa\xfd`\
\xd5\xf1\x8d4\xf4\xa5\xf2\xb5\xa9?\xe1}\x8c7\xf4=\
1\x00,\xecM\xa9\xdf\x07\xfa\x18\xaf\xe9y^F\xed\
\xa8L\xf3\xe7\x19\xd7\x1b\xaf\xecyn\x00\xd8\xbfW\xa7\
\xfe\xfa\xdf\xc7\xd8\x96\xe4\x98\x9e\xe7f\xf4\xde\x92\xfa\x13\
\xdf\xc7\xd8\x91\xe4\xc5=\xcf\x0d\x00{\xf7K\xe9\xd6\xde\
\xda\xeb\x7f\x1f\xe3\x0fz\x9e\x9bIxp\xa6\xfbC\x0d\
\xeb\x85\x80\xd7\xf4:;\x00\xac\xe7W3\x9f\xe6\xbf#\
3~\xf2\xdf\xfe\xfcE\xea\x7f\x00}\x8e\xdfMwQ\
\x0a\x00\xfd\xda\x9c\xf9\x9c\xf3_\x1b\xef\xefu\x86&\xe6\
\xb1\x99O\x92[\x1b\xefHCWs\x02\x0c\xe0\xa0t\
w^\xd5^\xdf\xfb\x1c;\xd2\xfd\xd8\x5c\xd3\xceM\xfd\
\x0f\xa2\xef\xf1\xa1xX\x10@\x1f\xee\x9by\xdc\xe7\xbf\
\xe7x_\x9f\x934U\x0f\xcf|\xae\x05\xd8}|5\
\x1e\x1b\x0c\xb0\x8a32\xfd'\xfc\xad7v$yD\
\x8f\xf34i\x7f\x96\xfa\x1fH\x89qG\xba\x8b\x03=\
0\x08`q\x9b\xd2]\xecw{\xea\xaf\xe3%\xc6\xbb\
\xfa\x9b\xaa\xe9;9\xf3\xfd\xa0w\xa6\xfb)\xe1\xa3z\
\x9b-\x80\xf9::\xddi\xd4\xda\xebv\xa9q[\x92\
\x93z\x9b\xad\x99xc\xea\x7f0%\xc7\xf7\xd2%\xda\
\x03\xfa\x9a0\x80\x19\xd9\x9c\xe4\xe7\x93\x5c\x9b\xfa\xebu\
\xc9\xf1;}M\xd8\x9c\xdc3\xf3\xff\xe0w&\xb9(\
\xc9\xe3{\x9a3\x809xt\x92O\xa5\xfe\xfa\x5cz\
|+\xc9=z\x9a\xb3\xd9\xf9\x95\xd4\xff\x80\x86\x18\xdb\
\x93\xbc9\xc9\xbd\xfb\x996\x80I\xbaO\x92\xff\x9ey\
^\x08\xbe\xdexI?\xd36O\x07&\xb9$\xf5?\
\xa4\xa1\xc6\x8dI\xfes\xbas^\x00\xad8&\xc9\xeb\
\xd3\xad\x81\xb5\xd7\xe1\xa1\xc6\x85q\x0ax\xbfNM\xf7\
\x0d\xb9\xf6\x875\xe4\xb8-\xc9\xdb\x92<\xa8\x87\xf9\x03\
\x18\xab\xe3\xd2=\xcd\xef\x96\xd4_w\x87\x1cw$y\
L\x0f\xf3\xd7\x847\xa4\xfe\x07V3\x08<%n\x1d\
\x04\xe6as\x92\xa7&y{\xba5\xae\xf6:[c\
\xfc\xa7\x95g\xb1!\x87&\xf9b\xea\x7fh5\xc7\xd7\
\xd2%\xe5G\xad8\x97\x005\x9c\x9c\xee9(W\xa5\
\xfezZs\x5c\x95\xe4\xb0\xd5\xa6\xb2=O\xcd\xfc~\
'`\xa3\xe3\xa2$\xbf\x99\xe4\xcc$[V\x99T\x80\
B\xb6$9+\xc9k\x93\x5c\x9c\xfa\xeb\xe6\x18\xc6\x8e\
]s\xc2\x06\xcc\xfd\xd9\x00\x1b\x19\xb7$\xf9p\x92W\
'9=\xc9\xe1\x1b\x9e]\x80\x8d\xbb{\xba5\xe8\xdf\
\xa5{V\xff\xb6\xd4_\x1f\xc76\xde\xb0\xe1\xd9\x1d\xc0\
\xd8\x7f\xbavK\x92\x0b\xd2\xfd^\x00\xeb\xdb\x99n\x8b\
\xe9\x8a]\xffyu\x92k\x92|'\xc9ww\x8d\xed\
InJw!\x0a\xc0\xbe\xdc-\xdd\x17\x8b\x03\xd3\xdd\
\xaa|\x9f]\xffyB\x92\x13\x93<0\xc9)\xbb\xfe\
y\xec=\xa4\xa6K\x92<!\xddu\x0f\xa34\x85\x0f\
\xef\x94$\x9fMrH\xedB\x00`\x01\xb7&y\x5c\
\x92\xcbk\x17\xb2/S\xb8'\xf1\xda$\xd7'\xf9\xa9\
\xda\x85\x00\xc0\x02^\x9e\xee7`Fm\x0a\x01 \xe9\
N\x03\x9c\x98\xe4\x91\xb5\x0b\x01\x80}xg\xbak\xb4\
Fo\x0a\xa7\x00\xd6\x1c\x92\xe4\xaf\xe3\xb68\x00\xc6\xe9\
\xb2$OLw\xb1\xf6\xe8M)\x00$\xddE(\x17\
\xc63\xf4\x01\x18\x97\xef\xa5{\x92\xed\x97j\x17\xb2\xa8\
\xa9=m\xee\xcbI^\x98\xee\x87#\x00`\x0c\xeeL\
\xf2\xdcL\xa8\xf9'\xd3\xb9\x06`w\x7f\x9f\xe4\x9bI\
\xfey\xedB\x00 \xc9\xaf\xa6;\xf7?)S\x0c\x00\
I\xf7d\xbc#\xd3\xddc\x09\x00\xb5\xfcN\x92\xdf\xaa\
]\xc4FL\xed\x1a\x80\xddmNrN\x92g\xd5.\
\x04\x80&\xfdY\x92g\xa7{\xe4\xef\xe4L9\x00$\
\xdd\x8f\x06\x9d\x97\xe4I\xb5\x0b\x01\xa0)\x1fK\xf7|\
\x9am\x95\xeb\xd8\xb0\xa9\x07\x80$9\x22\xdd\xb3\xf1O\
\xad]\x08\x00M\xb8 \xdd\x0f\xd6\xddX\xbb\x90U\xcc\
!\x00$\xdd\xf5\x00\x1f\x89g\x04\x00P\xd6\xe5I\x9e\
\x9c\xe4\xba\xcau\xacl.\x01 I\x8eN\xb7%\xf3\
\x90\xcau\x000O\x9fO\xf2\x93I\xbe]\xbb\x90>\
L\xed9\x00\xfb\xf2\xadt\x1f\xcc\xa5\xb5\x0b\x01`v\
\xfe.\xc9Y\x99I\xf3O\xe6\x15\x00\x92\xee\x83yr\
\x92OW\xae\x03\x80\xf9\xb80\xc9\x19I\xbeQ\xbb\x90\
>\xcd-\x00$\xc9\xf7\x93\xfc\x93t\xd7\x04\x00\xc0*\
>\x91\xe4)I\xbe[\xbb\x90\xbe\xcd1\x00$\xc9M\
\xe9\x9e\x14\xf8\xe7\xb5\x0b\x01`\xb2\xceI\xf2\xf4$7\
\xd4.\xa4\x84\xa9>\x09p\x11w$y\xcf\xae\x7f~\
r\xc5:\x00\x98\x9e\xdfK\xf2\xe2t\xbdd\x96\xe6\x1c\
\x00\xd6|,\xc9\xd7\x93<#\xf3\xdd\xf1\x00\xa0\x1fw\
&\xf9WI~3\xc9\xce\xca\xb5\x145\xa7\xdb\x00\xf7\
\xe7\x99I\xde\x91\xee\x99\x01\x00\xb0\xa7\xef\xa5\xfbU\xbf\
\xf3j\x172\x84\x96\x02@\x92\xfch\x92\xf7%yx\
\xedB\x00\x18\x95K\x93\xfc\x8bL\xec'}W\xd1\xda\
\x96\xf8\x17\x93<.\xc9\xff\xaa\x5c\x07\x00\xe3\xf1\xce$\
\xa7\xa5\xa1\xe6\x9f\xb4q\x0d\xc0\x9e\xb6'\xf9@\xba\xc7\
8\x9e\x99\xe4\xc0\xba\xe5\x00P\xc9\xb6t\xe7\xfb_\x9d\
\x19_\xec\xb77\xad\x9d\x02\xd8\xd3C\x93\xfci\x92G\
\xd6.\x04\x80A]\x91\xee|\xffe\xb5\x0b\xa9\xa5\xc5\
\x1d\x80\xdd]\x9b\xeet\xc0\xdd\xd2m\xff\xb4\x1e\x88\x00\
\xe6ng\x92\xff\x9adk\xba;\xc4\x9a\xa5\xe1\xfd\xc0\
S\x93\xfcA\x92\x07\xd6.\x04\x80\x22\xbe\x94\xe4_\xc6\
\x93b\x93\xd8\x01\xd8\xddUI\xfe(\xdd5\x01OL\
{\x17H\x02\xcc\xd5\xf6$\xbf\x9f\xee[\xff\x95\x95k\
\x19\x0d;\x00\xeb{L\x92\xb7\xc4\xb5\x01\x00SwQ\
\x92\x97$\xf9\x9b\xda\x85\x8c\x8do\xb9\xeb\xbb(]\x08\
xaf\xf4\xd3\x8f\x00\x0d\xf9n\x92\x7f\x9d\xe4\xf1\xd1\
\xfc\xd7\xe5\x14\xc0\xde\xedL\xf7`\x88\xb7\xa4\xdb)9\
5n\x19\x04\x18\xbb;\x92\xbc9\xc9\xb3\x92|<3\
\x7f\x9c\xef*\x04\x80\xfd\xbb5\xc9\x87\x93\xbc7\xc9\xd1\
\xe9n\x1dt\xea\x04`\x5cv\xa4\xfb\x01\xb8\xad\xe9n\
\xef\xbe\xadn9\xe3\xa7\x91-\xef\x94$\xff!\xc9\xcf\
\xc6\xfc\x01\x8c\xc1\x87\x93\xbc2\xb6\xfa\x97\xa2\x81m\xdc\
c\x93\xfc\xfb$\xff,\xae\xa5\x00\x18\xda\x8e$\xe7&\
ym\xba\xeb\xb6X\x92\x00\xb0\xba\x07\xa5{\x94\xe4\x8b\
\x93\x1cZ\xb9\x16\x80\xb9\xbb-\xddV\xff\x7fL\xf2\xb9\
\xca\xb5L\x9a\x00\xd0\x9f\xa3\x93\xfcJ\xba\xdbM\xeeW\
\xb9\x16\x80\xb9\xf9z\xbag\xb5\xfc\xb7\xb8;\xab\x17\x02\
@\xff6'9+\xdd\xd3\xa6\x9e\x15w\x0e\x00l\xd4\
\x8etO\xed\xfb\xc3$\xefO\x83?\xd8S\x92\x00P\
\xd6\xb1\xe9\x9e%\xf0sI\x1eV\xb9\x16\x80\xa9\xb8<\
\xc9\xbb\x92\xbc-\xc9\xd7*\xd72[\x02\xc0p\x1e\x9a\
\xe4\xd9\xbb\xc6\xc9\x95k\x01\x18\x9b\xab\xd3\x9d\xdb\xff\x93\
8\xb7?\x08\x01\xa0\x8e\x93\x93<#\xc9\xd3\x93\x9c\x91\
\xe4\xe0\xba\xe5\x00\x0c\xee\xd6$\x9fHr^\x92\x0f&\
\xf9|\xddr\xda#\x00\xd4wX\x923\xd3]7p\
Z\x92G\xa7\xfbyb\x809\xb9#\xdd\xedz\x9fL\
r~\x92\x8f%\xb9\xa5fA\xad\x13\x00\xc6\xe7\xd0t\
\x8f\x1d~R\x92G%yD\x92\x13\xe3Y\x03\xc0t\
\xecH\xf7\x0b\xab\x97%\xb98\xc9_%\xb9 \xc9\xb6\
\x9aEqW\x02\xc04\x1c\x9e\xee\x09\x84?\x9e\xe4\xa4\
t\x81\xe0\xc4$'$\xb9W\xbd\xb2\x80\xc6]\x97\xee\
\xdc\xfd\xd5I\xbe\x9c\xee\xa7v/MrE\x92\x9b\xeb\
\x95\xc5\x22\x04\x80\xe9\xbbG\x92\xfb'\xb9\xf7n\xe3\xbe\
I\x8eLw\x0b\xe2\xddw\xfd\xf7\x8e\x88\xdf~\x00\xf6\
\xef\xce$7\xec\xfa\xe7\x1b\x93lO\xf2\xfd$\xd7\xa6\
\xfb\x85\xbd\xef&\xf9N\xba\xfb\xf2\xaf\xafQ \x00\x00\
\x00\x00\x00\x00\x00\x00\x00\x00\x00\x00\x00\x00\x00\x00\x00\x00\
\x00\x00\x00\x00\x00\x00\x00\x00\x00\x00\x00\x00\x00\x00\x00\x00\
\x00\x00\x00\x00\x00\x00\x00\xc0]\xfc\x7f\x9e\x96\xf2G/\
\x0cb\x00\x00\x00\x00\x00IEND\xaeB`\x82\
\x00\x00\x02\x07\
\x89\
PNG\x0d\x0a\x1a\x0a\x00\x00\x00\x0dIHDR\x00\
\x00\x004\x00\x00\x004\x08\x06\x00\x00\x00\xc5x\x1b\xeb\
\x00\x00\x00\x09pHYs\x00\x00\x0b\x13\x00\x00\x0b\x13\
\x01\x00\x9a\x9c\x18\x00\x00\x01\xb9IDATx\x9c\xed\
\xd8O\xa8MQ\x14\xc7\xf1OzBQ\x88RR\x88\
\x8c\x14C3Jf\xe625\xf1\xaf\x1835\x90\xf2\
\xa7L\x94D\xcf\x84\xa7g\xe2\x95D\x14\x19\x98\x12J\
\xa9WJI\x22\x94\xfc\xc9\xd1\xa9\xad^\xb7\xeb9\xdc\
\xb3\xf6\xb9\xb7\xf6\xb7~\xb3s\xda\xeb\xdb^\xad\xceY\
\x14\x0a\x85B\xa1P(\x0c;\xfb\xf0\x1e\xafp\x06\xab\
\x8c(\x0b0\x8e\xaa'\x9f\xb0\xc7\x88\xb1\x02\x8f\xfa\xc8\
\xcc\xcc\x11#\xc2FL\xffE\xe6w\xf6\x1brv\xe0\
CC\x99\x0a_\xb1\xc1\x90r\x00\xdf\xffA\xa6J\xb9\
\x10U\xd02\x5c\xc5s\x9c\xc0\xdc\x86\xef\xcd\xc1\xc9\xff\
\x10\xa9R\xdeD\x09\x1d\xef9\xe8z\x03\xa9\xf9\x98\x18\
@\xa6J-\x1a\xc2T\x9f\xc3f\x93Z\x8a\xfb\x03\xca\
T\x91\x83\xe1\xc5\x1f\x0e\xacE\xe7\xf5<\xbb\x1a\xcfZ\
\x90\xb9\x12%S\xdf\xc2\xb7Y\x0e\x9eyS\x9b\xf1\xba\
\x05\x99'X\x18%\xb4\xbeA\x01\xb5\xd4N|lA\
\xe6-\xd6\x08dk\x0bE6M\xdd\x09\xdb\x04\xb3+\
\xa3\xd0^\x198\x9cI\xe6\xacL\x1c\xcb s\x0bc\
\xb9\x84N\x07\xcb\xd4#~\xb1\x8c\x9c\x0b\x94\xa9'\xda\
:\x99\x19\x0f\x92\xf9\x82-:\xe0Z\x80\xccO\xec\xd6\
\x11S\x01BGu\xc8\xdd\x96e.\xe9\x98\x87-\x0b\
5\xf9\xf5\x08\xe5A@\xcb\xf5\xfbJ\xcf\xc6\xbd\xa0)\
\xd7\x99\xd4\xed \xa1:\x93]\xb4\xdf\xcd@\xa1N\xa4\
n\x04\x0b\xd59\x9fSh\x22\x83\xd0\x8f\xb4\x1e\xce\xc2\
\xc5\x0cB\xd3i\xe5\x95\x85C\x81\x22\xf5\x9a\xea\x0e6\
\xc9\xc8\x18N\xe1qZ\xfc5)\xf43\xde\xe1%\x9e\
\xa6\xd1\x7f9\xed\xf7\x0eb;V\x1a\x22\xc6\xb0$e\
9\xd6\xa6\xed\xea\xa2\xae\x0b+\x14\x0a\x85B\xa1`p\
~\x01C\x10\x95\x15\xf1\xcb\x135\x00\x00\x00\x00IE\
ND\xaeB`\x82\
\x00\x00\x03\xee\
<\
?xml version=\x221.\
0\x22 encoding=\x22UTF\
-8\x22 standalone=\x22\
no\x22?>\x0a<!-- Uploa\
ded to: SVG Repo\
, www.svgrepo.co\
m, Generator: SV\
G Repo Mixer Too\
ls -->\x0a<svg widt\
h=\x22800px\x22 height\
=\x22800px\x22 viewBox\
=\x220 -0.5 21 21\x22 \
version=\x221.1\x22 xm\
lns=\x22http://www.\
w3.org/2000/svg\x22\
 xmlns:xlink=\x22ht\
tp://www.w3.org/\
1999/xlink\x22>\x0a   \
 \x0a    <title>edi\
t [#1479]</title\
>\x0a    <desc>Crea\
ted with Sketch.\
</desc>\x0a    <def\
s>\x0a\x0a</defs>\x0a    \
<g id=\x22Page-1\x22 s\
troke=\x22none\x22 str\
oke-width=\x221\x22 fi\
ll=\x22none\x22 fill-r\
ule=\x22evenodd\x22>\x0a \
       <g id=\x22Dr\
ibbble-Light-Pre\
view\x22 transform=\
\x22translate(-99.0\
00000, -400.0000\
00)\x22 fill=\x22#0000\
00\x22>\x0a           \
 <g id=\x22icons\x22 t\
ransform=\x22transl\
ate(56.000000, 1\
60.000000)\x22>\x0a   \
             <pa\
th d=\x22M61.9,258.\
010643 L45.1,258\
.010643 L45.1,24\
2.095788 L53.5,2\
42.095788 L53.5,\
240.106431 L43,2\
40.106431 L43,26\
0 L64,260 L64,25\
0.053215 L61.9,2\
50.053215 L61.9,\
258.010643 Z M49\
.3,249.949769 L5\
9.63095,240 L64,\
244.114985 L53.3\
341,254.031929 L\
49.3,254.031929 \
L49.3,249.949769\
 Z\x22 id=\x22edit-[#1\
479]\x22>\x0a\x0a</path>\x0a\
            </g>\
\x0a        </g>\x0a  \
  </g>\x0a</svg>\
\x00\x00\x01\xf8\
\x89\
PNG\x0d\x0a\x1a\x0a\x00\x00\x00\x0dIHDR\x00\
\x00\x004\x00\x00\x004\x08\x06\x00\x00\x00\xc5x\x1b\xeb\
\x00\x00\x00\x09pHYs\x00\x00\x0b\x13\x00\x00\x0b\x13\
\x01\x00\x9a\x9c\x18\x00\x00\x01\xaaIDATx\x9c\xed\
\xd8K+Da\x18\xc0\xf1?C\xb1\x98H\x8a\x84\xf0\
\x01HVvVV\x96\x1666\x16\xa8)e\xa7|\
\x83\x89\xa6\x94\x95\x94K\x16\x14\x96\x16\x12YY(\xb9\
\xcd\x8aB\xb9E\x93KQn\xa3S\xef\xa9\xc9b:\
c\xce\xf3\x9c9\xf5\xfe\xeb\xa9Y\x9c\x9a\xf9-\xce{\
\x19\xb0\xd9l6\x9b\xcdf\xf3\xa3R`\x128\x00\xce\
\x81; \x951\xcf\xc0\xa7\xf9|k\x9e9\x06\xf6\x81\
m`\x03\x98\x07\xe2\xc0(\xd0\x07t\x00Q\x02*\x01\
\xa4\x85\xe6\x06X\x01j5AG\x82 w\xd65A\
\x0f\x0a\xa0C-L\x04\xf8Q\x00\x0dk\x81\xca\x150\
\xce\x82\xa3V\x850f\x0a\xe5\xaa\x051\xb3@\x916\
\xa8N\x08\xb3\x00\x14\x13@\x8d\x02\x98e\xb3\xd8\x04R\
\x8d\x00\xa8\x87\x00\x8b\x0a\x80^\x80\xf6\xa0@\x11\xc1#\
OSP\xa8w!T\x12\xa8\x0a\x02\xf4(\x04rf\
\x17(\xd3\x06]\x0a\x82\xd2\xe6\xb4\xad\xba\x84'\x85A\
\xceLh\x82v\x14@\xce\xc4\xb4@KJ\xa0/\xad\
=*\xae\x04r\xf7\xa8Vi\xd0\x88\x87\x1f\xb2\x06\xcc\
\xf9\x84\xba0'\x14\xb1\xba=`\x9c?R\x9c\xc6}\
\xba\x10\xee\x99\xbb\x98H\x0dY\xbex5\x03\xe3\xd6\x0b\
\xbc\xf9\x80Z\x94\x029w\x96'\x8f\x18\xb7N\xe0\xde\
\x07\xd4\x90\x14j+\x07\x8c[3p\x9a'(%\x05\
j\x03\xce\x80o`\xc6\x03\xc6\xad\x12\xd8\xcc\x03t\x85\
p\xffyQK\x80\xe9\x7f\x82\x12\x14p\x83\xc0G\x8e\
{R=\x05^W\x0e\xa7\xf7\x01BR\x0bp\x92\x05\
\xe2\xeccc\x84\xac\xa8\xb96\xfc\xc5\xbc\x02\xfd\x84\xb8\
\x98yW\xae\xcd\xc2Q\xf0\xef\x8c\xcdf\xb3\xd9l6\
B\xd8/I\x86\x98\xec\xca\xaf,N\x00\x00\x00\x00I\
END\xaeB`\x82\
\x00\x00\x01\xfd\
\x89\
PNG\x0d\x0a\x1a\x0a\x00\x00\x00\x0dIHDR\x00\
\x00\x004\x00\x00\x004\x08\x06\x00\x00\x00\xc5x\x1b\xeb\
\x00\x00\x00\x09pHYs\x00\x00\x0b\x13\x00\x00\x0b\x13\
\x01\x00\x9a\x9c\x18\x00\x00\x01\xafIDATx\x9c\xed\
\xd9=h\x14A\x18\x80\xe1\xc7_4*\x82\x88\x16&\
\x85\x0a\x16\x82\xf6\x16\x82\x8dXY\x8a\x85\xad\x85E\x92\
V\xc1\xd2F\x14\xac\xb4\x10\x8c\x08v\x82\x16\xc1J\x05\
;\xb1\x0e\x8a\x08\x16A\x0b1\x09\x1a\x04A\x94de\
`\x84#\x04\xdd\xbb\xec\xcc\xe6\x96y\xe1\xe3\x9a[\x96\
\x07\x8e\x9b\xefn)\x95J\xa5R\xa9TJ\xd1\x11\xdc\
\xc7g|\xc7\xb8!n\x1c?Q\xad\x98G\xd8e\xc8\
\xba\xb2\x0a\xa4w\xde\xe0\x90!\xe9<\x96\xff\x03\x0a\xb3\
\x80S\xd6y{1_\x03\xf3w~c\xd2:\xeef\
\x1f\x98\xde\xb9\x8d\xcd\x03\xdcoD\xe2>\x0e\x08\x0a\xf3\
\x0c\xbbk\xdeg\x0b\xeea\x09\x1fp<\x15\xe8\xeb\x1a\
@a\xde\xe2`\x0d\xcc\xe3\x15\xd7\xbdH\x05\xba\xb4F\
P\x98/8\xd1\x07\xa6\xc2\xa2\x84M5\x80\x0a\xe7\xd7\
\x85U0O\xfeq\xcd\x81T\xa0\xedx\xdd\x00*|\
\xf5_\xad\x89\xa9pZ\xc2\xf6c\xb6\x01T\x98\x075\
0U\x8e\xb5\xea(\xbe5\x84\xaa3\xd7e\xe8L<\
<s\x80\x1e\xca\xd4\xc5L\xa0\x97\x86`\x83\xe8\xf7\x0c\
\xcb\xd6\x86\xf8\x91H\x09\x9a\x95\xb9\xad\xf1DO\x05\x9a\
\xd3BaW\x9bI\x04\xfa\xa1\xa5F\xf1)\x01h\x19\
\x1b\xdbB\x1d\x8b\xfbW\xd3\xa8\x1dZ\xecl\x02\xd0\xbe\
\xb60uv\xb3Af\xacK\x98*\xee\x90\x9d\xc1T\
\xd8\xd3%L\x85\x9d]\xc2T\xf1\xf0\xee\xcc.\xb7\x14\
W\xac,\xbd\xcb\x00\x9a\x93\xb1;\x19@39A\xdb\
p\x19O\xf1\x1e\xbf\x12\x80ni\xb1\xf0/\xe9a\x9c\
\xc49L\xe0\x1an\xe0n|\x04\x13\x9eRL\xe39\
^\xc5\xd7\xde\x99\x8e\xef\x99\x8a?\x227\xb5\x09*\x95\
J\xa5R\xa9\xa4#\xfd\x01:\xff\x94A\x11G5\xc6\
\x00\x00\x00\x00IEND\xaeB`\x82\
\x00\x00\x01\xe9\
\x89\
PNG\x0d\x0a\x1a\x0a\x00\x00\x00\x0dIHDR\x00\
\x00\x004\x00\x00\x004\x08\x06\x00\x00\x00\xc5x\x1b\xeb\
\x00\x00\x00\x09pHYs\x00\x00\x0b\x13\x00\x00\x0b\x13\
\x01\x00\x9a\x9c\x18\x00\x00\x01\x9bIDATx\x9c\xed\
\xd9?(EQ\x1c\xc0\xf1\xef\xf3\xfc\x09\x09\x83YY\
d\x95\xc5j\x91d\xb1\x88\x81M)\x8bd\x90\x92\xb2\
\xbcUO)\x83\xc1\xff,2\x18\xfc\xc9`\xc0d\x95\
\xfcM\xc9j\xf0\xefE\xe8\xd6\xb1H\xdcs\xde\xbd\xf7\
\xfc\x8e\xce\xa7~\xfb\xfd\xbe\xf7\xee=\xe7\x9e\x07\x9e\xe7\
y\x9e\xbeb\xa0\x07X\x01.\x80G5\xe7\xc0<\xd0\
\x01\xa4pD=p\x06|\xfc1\xfb@\x15\x0e\x98\x0a\
\x11\xf35\xbd8`[#(\x83\x03N5\x82\xd6p\
\xc0\x83F\xd0!\xc2\x95j\xc4\x04s\x85p\xb5\x9aA\
/\xd2\x1f\xdfM\x9aA\xc1T#X\x9bAP\x03\x82\
\xf5\x19\x04\xb5 \xd8\x90AP7\x82M\x1a\x04\x0d\x22\
\xd8\xb4A\xd0\x04\x82-\x1a\x04e\x11l\xd3 (x\
\xc5\x10\xeb\xc0 (\xd8\xcc\x8aub\x10t\x8c`w\
\x06A7\x08\xf6l\x10\xf4d\xe3B\x8b\x809 g\
p\xc1\xf9N\x0e\x98\x8dz\x13;`!\xe4\xfb\xb4G\
\x194\xf2\xdf\x82\xea\xd41\x94\xad\x98K\xa0\x84\x88\xf5\
[\x8ay\x05\x9a\x89\xc9\xb2\x85\xa01bT\x19\xf2\x10\
1\xaa\xd9\x05\xd2$p2z\x9f@\xcc5PCB\
Z\x81\xb7\x18c\x82\xc5\xb6\x91\x84\x0d\xc7\x14\x13|P\
\x9dX\x92\x898\xe6]=M\xadI\xa9mITA\
\xa3\x08\x90Vg\xd4\xf9\xc6d\xa5\xfd\xc1\xb5\x95G\xcc\
\x02P\x800\x15\xc0\x91A\xcc:P\x88P\xe5\xc0\x9e\
F\xcc\xaaz5\x11\xad\x0c\xd8\x09\xf93\x13\xfb\xcd|\
\x17\xec\x8c7~\x89\x99\x91x\xcf\x84\x89Z\xfaa\x9d\
\x19\xc7a)\xb5\xb6\xdc\xaa\xc3\x90.\xdb\x17\xe4y\x9e\
\x87\xd3>\x01\xeca\x8b\x9a35\xc7\xe9\x00\x00\x00\x00\
IEND\xaeB`\x82\
\x00\x00,\xaa\
\x89\
PNG\x0d\x0a\x1a\x0a\x00\x00\x00\x0dIHDR\x00\
\x00\x02\x00\x00\x00\x02\x00\x08\x06\x00\x00\x00\xf4x\xd4\xfa\
\x00\x00\x00\x09pHYs\x00\x01g\xf4\x00\x01g\xf4\
\x01c)\xa1'\x00\x00\x00\x19tEXtSof\
tware\x00www.inksca\
pe.org\x9b\xee<\x1a\x00\x00 \x00ID\
ATx\x9c\xed\xddw\xd8eUy\xf7\xf1\xef\x0a3\
0(H\x91^\x07E:J\x93\xaa\x02\xa2\x08\x22\xd1\
W\x11,\xc1\x82h$j\xe2\xab1\xc6`#\x5co\
4QcL\xb3\x81(\xc4\x02\x8a]J\x14D\x04D\
\xa9\xd2\x8b\xc2\xd0{\xaf3\xc3\xb0\xde?\xd6\x1e\x1c\xc7\
)\xcfs\x9es\xce\xbd\xf6\xde\xdf\xcfu=\xd7\x0c\x03\
\xcc\xf9\xcd\x81\xe7\xdc\xf7\xbe\xf7\xdak\x81$I\x92$\
I\x92$I\x92$I\x92$I\x92$I\x92$I\
\x92$I\x92$I\x92$I\x92$I\x92$I\x92\
$I\x92$I\x92$I\x92$I\x92$I\x92$\
I\x92$I\x92$I\x92$I\x92$I\x92$I\
\x92$I\x92$I\x92$I\x92$I\x92$I\x92\
$I\x92$I\x92$I\x92$IK\x97\xa2\x03H\
\x9a\x98\x0c\xcb\x03\xcf\x5c\xe0k\xf5\x85\xfez\xfe\xd7t\
`\x06\xe5\x9f\x07x\x06\xb0\x0c\xf0g\xc0J\xcd\xaf-\
\xf8\xf7\x1f\x03\x1eo~\xfe\x00\xf0$0\x0fxp\xa1\
\xbf?\x17\xb8g\x11_w-\xf8\xd7\xa9\xfc\xf3\x92*\
g\x03 U \xc3\xb2\xc0\x06\xc0L`\xa3\xe6\xc7\xf9\
?_\x8fR\xd8\x9f\x16\x93n\xd2\x1e\xa14\x037\x03\
\xb3\x80\xeb\x9b\x1f\xe7\xff\xfc\xa6\x04s\x82\xb2Ij\xd8\
\x00Hc\x92\xcb\x95\xf9\xe6\xc0\xd6\xc0s(\xc5}~\
\xb1_\x97r\x85\xde\x07\xf3\x80[\xf9Ccp=p\
\x0dp)pU*\x93\x06I#f\x03 \x8d@\x86\
U\x80-\x81\xed\x81-\x16\xf8\xf9\x8c\xc8\x5c-\xf0\x04\
\xa5\x19\xb8\x1c\xb8\x02\xb8\xa0\xf9\xf9\xf5\x09rd0\xa9\
kl\x00\xa4)\xca\xb01\xb0+\xa5\xc0o\x0d<\x0f\
X54T\xf7\xdc\x03\xfc\x962%\xb8\x108;\xc1\
\xefc#I\xedf\x03 MB\x86i\x94\x02\xff\x02\
J\xc1\xdf\x9dr\xef^\xe3w\x07p\x1ep\x16p6\
p^\x82\xd9\xb1\x91\xa4\xf6\xb0\x01\x90\x96 \x97\x15\xf4\
;R\x0a\xfen\xcd\xd7\xf2K\xfc\x97\x14e.p\x09\
\xa5\x198\x0b\xf8y\x82\xbbc#I\xf5\xb2\x01\x90\x16\
\xd0\x5c\xe1\xef\x0a\xec\x03\xecK\xb9\xda\xf7\xfb\xa4\x9d2\
p\x11pJ\xf3\xf5\xabT\xd6\x18H\xc2\x0f6\x89\x0c\
kPF\xf9\xfb7_+\xc7&\xd2\x88<\x02\xfc\x1c\
\xf8\x11pr\x82\x9b\x82\xf3H\xa1l\x00\xd4;\xb9l\
\x8a\xb3\x0d\xa5\xd8\xbf\x02\xd8\x0e\xbf\x17\xfa\xe8:\xe0\xc7\
\x94\x86\xe0L\xf7&P\xdf\xf8\xa1\xa7^h6\xda\xd9\
\x1b8\x10x%\xe5\xde\xbe4\xdf\x03\xc0\x0f\x80\x13\x80\
\x9f\xda\x0c\xa8\x0fl\x00\xd4Y\xcd\x95\xfe.\xc0k\x81\
\xd7S\xb6\xce\x95\x96\xe6~\xcaT\xe0\xdb\xc0)nL\
\xa4\xae\xb2\x01P\xa7\xe4\xb2\x9b\xde\xae\x94\xa2\x7f\x10\xb0\
fl\x22\xb5\xdc}\x94\xdb\x046\x03\xea\x1c\x1b\x00u\
B.W\xfa\x07\x03\xaf\xa1,\xea\x93\x86\xed\x0e\xe0D\
\xe0\xb8\x04\xe7F\x87\x91\xa6\xca\x06@\xad\x95\xcb\xc9v\
\x07\x01\x7fEy\x5cO\x1a\x97\xab\x80\xaf\x02G\xbb\xd7\
\x80\xda\xca\x06@\xad\x93\xcb\x0e|\xef\x00\xfe\x82\xf6\x9c\
\x90\xa7n\x9a\x0d\xfc\x10\xf8\x12p\x9a\xe7\x15\xa8Ml\
\x00\xd4\x0a\xcd\xe1:\xaf\x05\xde\x03l\x15\x1cGZ\x94\
k\x81\xa3\x81c\x12\xdc\x19\x1dFZ\x1a\x1b\x00U-\
\xc3\x8b\x81\xc3\x80?\xa7<\xca'\xd5n\x0e\xe5\x91\xc2\
\xcf\xa7\xb2\xf1\x90T%\x1b\x00U\xa7Y\xc9\xbf\x1fp\
8\xb0Sp\x1ci*.\x06>\x0b|\xd3'\x08T\
\x1b\x1b\x00U#\xc3\x8a\xc0!\xc0\xfb\xf0\x84=u\xcb\
m\x94u\x02\x9fK\xe5\xd1B)\x9c\x0d\x80\xc2eX\
\x0bx'\xf0\xd7\x94{\xfdRW=\x04\x1c\x03|&\
\xc1\x8d\xd1a\xd4o6\x00\x0a\x93\xcb~\xfc\xef\x03^\
\x07L\x0f\x8e#\x8d\xd3\x5c\xe0\xfb\x94F\xe0\xd7\xd1a\
\xd4O6\x00\x1a\xbb\x0c\xcf\x07\xfe\x91r\xe4\xae\xd4w\
'\x01\x1fKp~t\x10\xf5\x8b\x0d\x80\xc6&\x97\xc7\
\xf7>\x0a\x1c\x80\xff\xefI\x0b\xfb\x19\xf0\xc1\x04\x17F\
\x07Q?\xf8!\xac\x91\xcb\xb09\xf0!\xe0\x8d\x94\x15\
\xfe\x92\x16-\x03?\x01>\x9c\xe0\xb7\xd1a\xd4m6\
\x00\x1a\x99\x0c3)\x85\xffm\x94\x93\xf9$M\xcc\x93\
\x94s\x07>\x9c\xe0\x9a\xe80\xea&\x1b\x00\x0d].\
\x8f\xf0\x1dNy\xa4oZp\x1c\xa9\xcd\xe67\x02\x1f\
J\xf0\xfb\xe80\xea\x16\x1b\x00\x0dM\x86\x15\x80\xbf\x05\
\xfe\x1eX.8\x8e\xd4%s\x81\xcf\x03\x1fM\xf0@\
t\x18u\x83\x0d\x80\xa6\xac\xd9\xb9\xef/\x80\x7f\x01\xd6\
\x0c\x8e#u\xd9=\xc0\x91\xc0\x7f&\x98\x17\x1dF\xed\
f\x03\xa0)\xc9\xb0\x07e\xab\xd3m\x82\xa3H}r\
\x11\xf0\xde\x04gF\x07Q{\xb9\x22[\x03\xc9\xb0~\
\x86c)\x87\x9dX\xfc\xa5\xf1\xda\x16\xf8E\x86\x1fe\
xVt\x18\xb5\x93\x13\x00MJ\x86\xa7\x03\x1f\x00>\
\x08\xcc\x08\x8e#\xa9\x9c>\xf8\x05\xe0#\x09\x1e\x8c\x0e\
\xa3\xf6\xb0\x01\xd0\x84\xe5\xf2\x1c\xff\xa7\x80\xb5\xa3\xb3H\
\xfa\x13\xb7\x02\xefKp|t\x10\xb5\x83\x0d\x80\x96*\
\xc3:\xc0\x7f\x01\xaf\x8a\xce\x22i\xa9N\x02\x0e\xf3\xb0\
!-\x8dk\x00\xb4X\x19R\x86w\x00Wa\xf1\x97\
\xda\xe2\xe5\xc0\x95\x19>\x98\xdd\x80KK\xe0\x04@\x8b\
\x94\xe19\xc0\x97\x81\xdd\xa3\xb3H\x1a\xd89\xc0\xdb\x13\
\x5c\x11\x1dD\xf5q\x02\xa0?\x92az.\x0b\xfc.\
\xc5\xe2/\xb5\xdd\xae\xc0\xc5\x19>\x99\xdd\x9cK\x0bq\
\x02\xa0\xa7d\xd8\x85r\xd5\xbfet\x16ICw9\
ph\x82s\xa3\x83\xa8\x0eN\x00D\x86\x19\x19\xfe\x15\
8\x0b\x8b\xbf\xd4U[\x02gg\xf8\xb4\xd3\x00\x81\x13\
\x80\xde\xcb\xb0\x05\xf0u\xdc\xccG\xea\x93\xcb\x817$\
\xb8$:\x88\xe28\x01\xe8\xa9\x05V\xf8\x9f\x87\xc5_\
\xea\x9b-\x81_g\xf8\x9b\xec\x85`o\xf9\x1f\xbe\x87\
2\xac\x01\x1c\x0d\xbc\x22:\x8b\xa4p\xff\x0b\xbc%\xc1\
m\xd1A4^6\x00=\x93ao\xe0\xab\xb8\x9b\x9f\
\xa4?\xb8\x13x[\x82\x1fG\x07\xd1\xf8x\x0b\xa0'\
\x9a\x85~\x9f\x03N\xc1\xe2/\xe9\x8f\xad\x01\xfc0\xc3\
\x173<-:\x8c\xc6\xc3\x09@\x0fd\xd8\x0a8\x01\
\xd8<:\x8b\xa4\xea]\x06\x1c\xe4\xe6A\xdd\xe7\x04\xa0\
\xe32\xbc\x8e\xf2\xdc\xaf\xc5_\xd2DlEY x\
`t\x10\x8d\x96\x0d@Ge\x98\x96\xe1\x93\xc07(\
G\xf8J\xd2D\xad\x00\x1c\xdf\xdc\x12\x98\x1e\x1dF\xa3\
\xe1-\x80\x0e\xca\xb0\x1a\xf0-`\xaf\xe8,\x92Z\xef\
L\xca-\x81\xdb\xa3\x83h\xb8l\x00:&\xc3\xf6\xc0\
\x89\xc0\x86\xd1Y$u\xc6-\xc0\x01n#\xdc-\xde\
\x02\xe8\x90fc\x9fs\xb0\xf8K\x1a\xaeu\x8132\
\xfcMt\x10\x0d\x8f\x13\x80\x0e\xc80\x03\xf8\x0f\xe0\xd0\
\xe8,\x92:\xef8\xe0\x9d\x09\x1e\x8d\x0e\xa2\xa9\xb1\x01\
h\xb9\x0ck\x01?\x04\x9e\x1f\x9dERo\xfc\x1ax\
e\x82;\xa2\x83hp6\x00-\xd6\x1c\xe4\xf3\x13`\
fp\x14I\xfds=\xb0_\x82+\xa3\x83h0\xae\
\x01h\xa9\x0c/\x06\xce\xc6\xe2/)\xc6F\x94\xe3\x85\
\xf7\x8c\x0e\xa2\xc1\xd8\x00\xb4P\x867\x03'\x03+G\
g\x91\xd4k\xab\x00\xa7dxSt\x10M\x9e\x0d@\
\x8b4G\xf8~\x1c8\x06X68\x8e$A\xf9,\
\xfaj\x86\x8f{\xb4p\xbb\xf8\x1f\xab%r\xf9&;\
\x0a88:\x8b$-\xc6\xd7\x80w$\x98\x13\x1dD\
Kg\x03\xd0\x02\xb9\x8c\xd9\xbe\x0b\xec\x11\x1cE\x92\x96\
\xe6t\xe05\x09\xee\x8f\x0e\xa2%\xb3\x01\xa8\x5c\x86u\
\x80\x9fRV\xfcKR\x1b\x5c\x06\xbc\xd4\xed\x83\xebf\
\x03P\xb1\x0c\x1b\x00\xa7\x01\x1bGg\x91\xa4I\xba\x1e\
xI\x82\xeb\xa2\x83h\xd1l\x00*\x95\xcb#6\xa7\
Q~\x94\xa46\xba\x91\xd2\x04\x5c\x1b\x1dD\x7f\xca\xa7\
\x00*\x94as\xe0,,\xfe\x92\xdam\x03\xe0\x97\x19\
\xb6\x8e\x0e\xa2?e\x03P\x99\x0c\xdbQ\x8e\xdf\x5c'\
:\x8b$\x0d\xc1\x9a\xc0/2\xec\x14\x1dD\x7f\xcc\x06\
\xa0\x22\x19v\xa3\xac\xa0]-:\x8b$\x0d\xd1*\xc0\
\xa9\xcdg\x9c*a\x03P\x89\x5c\x1e\xf1;\x19X)\
8\x8a$\x8d\xc2J\xc0\xfffxit\x10\x156\x00\
\x15\xc8\xb0\x1f\xa5\xf8\xaf\x18\x9dE\x92F\xe8i\xc0\x0f\
3\xbc<:\x88|\x0a \x5cs\xa8\xcfO\x80\x19\xd1\
Y$iL\xe6P\x8e\x13>%:H\x9f\xd9\x00\x04\
\xca\xb0\x0b\xf0\xbf\xc0\x0a\xd1Y$i\xcc\x1e\x05\xf6I\
\xf0\xcb\xe8 }e\x03\x10$\xc36\x94\x05\x7f\xabD\
g\x91\xa4 \x0fP\xf6\x098?:H\x1f\xd9\x00\x04\
\xc8\xb0\x15p\x06\xf0\xcc\xe0(\x92\x14\xedn`\x8f\x04\
\x97G\x07\xe9\x1b\x1b\x801\xcbe[\xdf3\x81\xb5\xa3\
\xb3HR%\xee\x04^\x94\xe0\xea\xe8 }b\x030\
F\x19\xd6\xa7\x14\xff\x99\xc1Q$\xa967Q\x9a\x80\
Y\xd1A\xfa\xc2\xc7\x00\xc7$\x97\xdd\xb0~\x8a\xc5_\
\x92\x16e}\xe0\xa7\xd9\xe9\xe8\xd88\x01\x18\x83\x5c\x16\
\xfa\x9d\x85G\xfaJ\xd2\xd2\x5c\x0a\xbc0\x95\x05\x82\x1a\
!'\x00#\x96a:\xf0m,\xfe\x924\x11[\x03\
?\xc8\xb0lt\x90\xae\xb3\x01\x18\xa1\x5c&,G\x01\
{Eg\x91\xa4\x16\xd9\x1d\xf8Bt\x88\xae\xb3\x01\x18\
\xad\x8f\x03o\x8a\x0e!I-\xf4\xd6\x0c\x1f\x89\x0e\xd1\
e\xae\x01\x18\x91\x0c\xaf\x07\xbe\x8e\xef\xb1$\x0d*\x03\
oNp\x5ct\x90.\xb28\x8d@.\xe3\xabS\x81\
\xe5\xa2\xb3HR\xcb\xcd\x05\xf6MpZt\x90\xae\xb1\
\x01\x18\xb2\x0c\x9b\x03g\xe3\x16\xbf\x924,\x0f\x00/\
HpYt\x90.\xb1\x01\x18\xa2\x0c\xab\x03\xbf\x02\x9e\
\x1d\x9dE\x92:\xe6z`\x97\x04wD\x07\xe9\x0a\x17\
\x01\x0eI\x86\xe5)\xc7\xfaZ\xfc%i\xf86\x02\xbe\
\x9f\xbd\xb5:46\x00\xc3\xf3\x9f\xc0\xf3\xa3CHR\
\x87\xed\x0c|9:DW\xd8\x00\x0cA\x86\xc3\x80C\
\xa2sHR\x0f\x1c\x9c\xe1\xd0\xe8\x10]\xe0\x1a\x80)\
\xca\xa5#=\x03\xc7R\x924.\xb3)\xdb\x05\x9f\x17\
\x1d\xa4\xcdl\x00\xa6\xa09\xe0\xe7|`\xbd\xe8,\x92\
\xd437\x01\xdb'\xb8+:H[y\x0b`@\x19\
\xa6\x01\xc7c\xf1\x97\xa4\x08\xeb\x03\xc77\x9f\xc5\x1a\x80\
\x0d\xc0\xe0>E\xd9\xf0G\x92\x14cO\xe0\xffE\x87\
h+o\x01\x0c \xc3\xeb\x80oF\xe7\x90$\x91\x81\
\x83R9uU\x93`\x030I\x196\x03~\x03\xac\
\x18\x9dE\x92\x04\xc0\xc3\xc0\xce\x09.\x8f\x0e\xd2&6\
\x00\x93\x90a\x06\xa5\xf8o\x1d\x9dE\x92\xf4G\xae\x00\
vH\xf0Xt\x90\xb6p\x0d\xc0\xe4\xfc+\x16\x7fI\
\xaa\xd1\x16\xc0'\xa2C\xb4\x89\x13\x80\x09\xca\xb0\x0fp\
\x12\xbeg\x92T\xab\x0c\xec\x9f\xca\xb6\xecZ\x0a\x8b\xd9\
\x04dX\x03\xf8-\xb0Vt\x16I\xd2\x12\xdd\x09<\
\xd7C\x83\x96\xce[\x00K\x91K\x93t4\x16\x7fI\
j\x835\x80c\xb2\x17\xb8Ke\x03\xb0t\xef\x01^\
\x11\x1dB\x924a\xfb\x02\xef\x8c\x0eQ;;\xa4%\
\xc8eQ\xc9\xf9\x94\xa3~%I\xed\xf18\xb0c\x82\
K\xa3\x83\xd4\xca\x09\xc0b4gN\x7f\x03\x8b\xbf$\
\xb5\xd1\x0c\xe0\x1b\xcd\xe3\xdbZ\x04\x1b\x80\xc5\xfb$\xf0\
\xbc\xe8\x10\x92\xa4\x81m\x05\x1c\x19\x1d\xa2V\xde\x02X\
\x84\x0c;\x01\xe7`\x83$Im\xf7$\xe5\xe8\xe0s\
\xa2\x83\xd4\xc6\x06`!\x19\x96\x05.\x04\xb6\x8c\xce\x22\
I\x1a\x8a\xcb(G\x07\xcf\x89\x0eR\x13\xafp\xff\xd4\
\xe1X\xfc%\xa9K\xb6\x02>\x18\x1d\xa26N\x00\x16\
\xd0\x1c\xf4s1e\x01\xa0$\xa9;f\x03\xdb\xa5r\
f\x80p\x02\xf0\x94\x5c\xde\x8b\xa3\xb0\xf8KR\x17-\
\x07\x1c\x9d\xad{O\x99\x16\x1d\xa0\x22\xef\x06v\x8b\x0e\
!\x8d\xc0\xad\xc0\xe9\xc0\xb9\xc0\xd5\xc0\xb5\xc0\x83\x09\xee\
\x03\xc8\xb0\x0a\xf0\x0c\xe09\x94)\xd8.\xc0\x8bq\xf7\
Ku\xcf\xce\xc0_\x02\x9f\x8f\x0eR\x03o\x01\x00\x19\
6\xa0\x9c#\xbdBt\x16iH\xee\x06\xbe\x0e\x1c\x9b\
\xca\xa2\xd6I\xcb\xb0#\xf0&\xe0\x0d\x94&A\xea\x82\
\x07\x80-\x13\xdc\x12\x1d$\x9a\x0d\x00\x90\xcb)\x7f\xfb\
F\xe7\x90\x86\xe0f\xe0S\xc0Q\x09\x1e\x1d\xc6o\x98\
Kc|\x18\xf0~`\xcda\xfc\x9eR\xb0\x1f$x\
Ut\x88h\xbdo\x00r\xb9\xba\xf9zt\x0ei\x8a\
\xe6\x02\xff\x0a\x1c\x99\xe0\x91Q\xbc@.\xb7\x09\x8e\x04\
\xde\x05,3\x8a\xd7\x90\xc6\xe8\xb5\x09\xbe\x13\x1d\x22R\
\xaf\x1b\x80\x0c+R\xee\x89\xae\x1d\x9dE\x9a\x82k\x80\
\x83Ry\x82e\xe4\x9a\x8d\xb2\x8e\x076\x1c\xc7\xebI\
#r3\xb0\xe9\xb0&em\xd4\xf7\xd5\x90\x1f\xc2\xe2\
\xafv\xfb>\xb0\xc3\xb8\x8a?@\x82_\x03\xdb\x02\xa7\
\x8e\xeb5\xa5\x11X\x8f\x9e\xef\x0d\xd0\xdb\x09@\x86g\
Q\x16\xfeyP\x84\xda\xeak\xc0\xa1\x09\x9e\x88x\xf1\
\x5c\x9e\x22\xfa\x22pH\xc4\xebKC\xf0\x18\xb0y\x82\
\x1b\xa2\x83D\xe8\xf3\x04\xe0SX\xfc\xd5^G\x01o\
\x8d*\xfe\x00\xcdk\xbf\x1d\xd7\xd0\xa8\xbd\x96\xa7\x1c\xfc\
\xd6K\xbd\x9c\x00d\xd8\x03\xf8yt\x0ei@\xdf\x07\
\x0eH0/:\x08@\x86\xe9\xc0\x8f\x81\xbd\xa3\xb3H\
\x03\xc8\xc0\x8b\x12\x9c\x15\x1dd\xdcz\xd7\x004\xbb@\
\xfd\x06\xd8>:\x8b4\x80\xdfQ\x0e5y0:\xc8\
\x82\x9a\xcd\x84.\x04f\x06G\x91\x06q\x11e-\xcd\
\x93\xd1A\xc6\xa9\x8f\xb7\x00\x0e\xc5\xe2\xafv\x9a\x0b\x1c\
X[\xf1\x07hv\x15|#\x95L%\xa4I\xda\x16\
xst\x88q\xebU\x03\xd0<\xc7|Dt\x0ei\
@\x9fM\xe5J\xa5J\xcdy\xeb_\x8c\xce!\x0d\xe8\
\x13\x19V\x8a\x0e1N\xbdj\x00\x80\x8f\xe2\xfe\xe6j\
\xa7[\x81\x7f\x8c\x0e1\x01\x87S\xb6!\x96\xdafM\
\xca\xa3\xe1\xbd\xd1\x9b\x06 \xc3F\xc0{\xa2sH\x03\
\xfa\xf4\xa8v\xf8\x1b\xa6\x04\xf7\x03\x9f\x8d\xce!\x0d\xe8\
\xbd\xcd\xd90\xbd\xd0\x9b\x06\x00\xf8\x08\xb0lt\x08i\
\x00\xf7\x00_\x8a\x0e1\x09\xffE9pEj\x9b\xe5\
\x80\x0fG\x87\x18\x97^4\x00\xb9\x1cszpt\x0e\
i@\xdfh\xc3\xd5\xff|\xa9\x14\xff\x13\xa2sH\x03\
zK\x86gG\x87\x18\x87^4\x00\xc0\xc7(\xbb\x96\
Imt\x5ct\x80\x01\x1c\x1b\x1d@\x1a\xd0t\xca\xc4\
\xb8\xf3:\xbf\x0f@\x86-\x80K\xe9O\xb3\xa3n\xb9\
\x03X;\x95\xcdJZ\xa3\xd9o\xe3\x0e`\xb5\xe8,\
\xd2\x00\xe6\x01[%\xb8*:\xc8(\xf5\xa1(\x1eA\
?\xfe\x9c\xea\xa6\xd3\xdbV\xfc\x01\x9a\x0dU~\x11\x9d\
C\x1a\xd02\x94\xa7\xc6:\xad\xd3\x851\xc36\xc0k\
\xa2sHSpnt\x80)\xf8Ut\x00i\x0a\x0e\
\xca\xb0Ut\x88Q\xeat\x03@yn\xba\xf3\xb79\
\xd4im\x1eA\xb69\xbb\xf4g\xc0\xc7\xa3C\x8cR\
g\x1b\x80\x0c\xcf\x07^\x11\x9dC\x9a\xa2\xdfG\x07\x98\
\x82k\xa3\x03HS\xf4\xea\x5c\xb6\x09\xee\xa4\xce6\x00\
\xc0\x91x\xf5\xaf\xf6\xbb?:\xc0\x14\xdc\x17\x1d@\x9a\
\xa2D;v\xe0\x1cH'\x0bd.\x87\xfd\x9c\x1f\x9d\
C\x1a\x82\xe5\x12\xcc\x89\x0e1\x88\x0c3\x80\xc7\xa2s\
HC\xb0m\x82\x8b\xa3C\x0c[W'\x00\xef\x8f\x0e\
 \x0dC[\x8b\x7fcvt\x00iH\xde\x1b\x1d`\
\x14:7\x01\xc8\xb0\x1ep\x1de3\x07\xa9\xd5R\x8b\
\xbfGs\xc9\xde\xab\xf3\xd5\xd5Ys\x81g'\xb8)\
:\xc80uq\x02\xf0\x7f\xb1\xf8K\x92\x86g:\xf0\
\xae\xe8\x10\xc3\xd6\xda\xab\x8bE\xc9\xf0\x0c\xe0Fzv\
\xa6\xb3\xba\xcb\x09\x80T\x8d\x07\x81\xf5S\xf9\xb1\x13\xba\
6\x01x\x07\x16\x7fI\xd2\xf0=\x038$:\xc40\
\xb5\xf6\xeaba\xb9\x8ch~G\x8f\xcerV\xf79\
\x01\x90\xaar\x03\xb0q\x82'\xa2\x83\x0cC\x97&\x00\
\x07a\xf1\x97$\x8d\xce\x86\xc0\x01\xd1!\x86\xa5\xb5W\
\x17\x0b\xcbp!\x1d\xde\xb1I\xfd\xe4\x04@\xaa\xce\x05\
\x09v\x88\x0e1\x0c\x9d\x98\x00d\xd8\x13\x8b\xbf$i\
\xf4\xb6\xcf\xb0{t\x88a\xe8D\x03\x00\xfcUt\x00\
IRo\x1c\x16\x1d`\x18Z;^\x9c/\xc3j\xc0\
\xcd\xc0r\xd1Y\xa4a\xf3\x16\x80T\xa59\xc0z\x09\
\xee\x8a\x0e2\x15]\x98\x00\x1c\x82\xc5_\x924>\xcb\
\x02\x07G\x87\x98\xaa\xd6^]\xcc\x97\xe1J`\xb3\xe8\
\x1c\xd2(8\x01\x90\xaau5\xb0y\x82\x1c\x1ddP\
\xad\x9e\x00d\xd8\x03\x8b\xbf$i\xfc6\x05v\x8b\x0e\
1\x15\xadn\x00\x80\xb7G\x07\x90$\xf5\xd6\xa1\xd1\x01\
\xa6\xa2\xcd\xe3\xc5U\x81[(g\x8eK\x9d\xe4-\x00\
\xa9j\x8f\x01\xeb&\xb8/:\xc8 \xda<\x018\x18\
\x8b\xbf$)\xce\xf2\xc0\xeb\xa3C\x0c\xaa\xcdW\x17\x97\
\x02[E\xe7\x90F\xc9\x09\x80T\xbdK\x12</:\
\xc4 Z9\x01\xc8\xb0\x0b\x16\x7fIR\xbc\xe7\xe6\x96\
n\x0d\xdc\xca\x06\x00xSt\x00I\x92\x1a\xad\xdc\x13\
\xa0u\xe3\xc5\x0c\xcb\x00\xb7\x02kDg\x91F\xcd[\
\x00R+\xdcN\xd9\x19p^t\x90\xc9h\xe3\x04\xe0\
\xc5X\xfc%I\xf5X\x0bxAt\x88\xc9jc\x03\
p`t\x00I\x92\x16rPt\x80\xc9j\xd5x1\
\xc3t\xe06\xe0\x99\xd1Y\xa4q\xf0\x16\x80\xd4\x1aw\
\x01\xeb$x\x22:\xc8D\xb5m\x02\xf0\x12,\xfe\x92\
\xa4\xfa\xacN\xd9\x9e\xbe5\xda\xd6\x008\xfe\x97$\xd5\
\xaaU5\xaa5\xe3\xc5\x5c\x8e_\xbc\x8d\xb2\x05\xb0\xd4\
\x0b\xde\x02\x90Z\xe5>`\xad\x04s\xa2\x83LD\x9b\
&\x00/\xc3\xe2/I\xaa\xd7*\x94'\xd5Z\xa1M\
\x0d@\xabF+\x92\xa4^jM\xadj\xc5x\xb1\x19\
\xff\xdf\x05<#:\x8b4N\xde\x02\x90Z\xe7>`\
\x8d6<\x0d\xd0\x96\x09\xc0nX\xfc%I\xf5[\x05\
\xd89:\xc4D\xb4\xa5\x01\xd87:\x80$I\x13\xd4\
\x8a\x9a\xd5\x96\x06`\x9f\xe8\x00\x92$MP+jV\
\xf5\xf7\x173\xac\x07\xdcH\x0b\xb2J\xc3\xe6\x1a\x00\xa9\
\x952\xb0n*\x8f\xaeW\xab\x0d\x13\x80}h\xf1\x87\
\xa0$\xa9w\x12\xb0wt\x88\xa5iK\x03 IR\
\x9bT_\xbb\xaa\xbe\xb2\xce0\x8d\xf2\xf8\xdf\xca\xd1Y\
\xa4\x08\xde\x02\x90Z\xeb>`\xf5\x04\xf3\xa2\x83,N\
\xed\x13\x80]\xb1\xf8K\x92\xdag\x15`\xc7\xe8\x10K\
R{\x03\xd0\x8aG)$IZ\x84\xaakX\xed\x0d\
@\xf5\xf7P$IZ\x8c\xaakX\xb5\xf7\x173<\
\x93r\xff\xbf\xda\x8c\xd2\xa8\xb9\x06@j\xb5'\x81\xd5\
RY\x0fP\x9d\x9a'\x00\xbb\xd2\xe2\x0f?IR\xef\
\xfd\x19\xb0St\x88\xc5\xa9\xb9\x01\xd8-:\x80$I\
STm-\xb3\x01\x90$it\xaa\xadeU\x8e\xd8\
\x9b\xe3\x7f\xef\x07\x96\x8f\xce\x22Er\x0d\x80\xd4z\x8f\
\x01+'\x98\x13\x1dda\xb5N\x00\xb6\xc7\xe2/I\
j\xbf\xe5\x81\xe7E\x87X\x94Z\x1b\x80jG&\x92\
$MR\x955\xcd\x06@\x92\xa4\xd1\xaa\xb2\xa6Uy\
\x7f1\x97#\x14\xd7\x8a\xce!Es\x0d\x80\xd4\x09\xb7\
'X;:\xc4\xc2\xaa\x9b\x00dx\x0e\x16\x7fIR\
w\xac\x95a\xa3\xe8\x10\x0b\xab\xae\x01\x00v\x89\x0e \
I\xd2\x90Uw\x1b\xa0\xc6\x06`\x87\xe8\x00\x92$\x0d\
\xd9\xf6\xd1\x01\x16Vc\x03\xb0ut\x00I\x92\x86\xac\
\xba\xdaV\xdd\x02\xa3\x0cwS\x0e\x02\x92z\xcfE\x80\
Rg\xdc\x9d`\xf5\xe8\x10\x0b\xaaj\x02\x90a=,\
\xfe\x92\xa4\xeeY-W\xb6\xc0\xbd\xaa\x06\x00xnt\
\x00I\x92F\xa4\xaa\x1aW[\x03P\xdd=\x12I\x92\
\x86\xc4\x06`\x09l\x00$I]UU\x8d\xab\xad\x01\
\xa8\xaa;\x92$i\x88\xaa\xaaq\xd5\xac0n\x8e\x00\
~\x88\xf2\xa3$|\x0a@\xea\x98\xd9\xc0\x8a\x09\xe6F\
\x07\x81\xba&\x00\x9bc\xf1\x97$u\xd7r\xc0&\xd1\
!\xe6\xab\xa9\x01\xd8*:\x80$I#V\xcd:\x80\
\x9a\x1a\x80j\xba\x22I\x92F\xe49\xd1\x01\xe6\xab\xa9\
\x01\x98\x19\x1d@\x92\xa4\x11\x9b\x19\x1d`\xbe\x9a\x1a\x80\
\xea\x8eJ\x94$i\xc8\xaa\xa9u6\x00\x92$\x8dO\
5\xb5\xae\x8aG\x8c\x9aG\x00\x1f\xa3\xae\x86D\x0a\xe7\
c\x80R\xe7<\x01,\x9f\xca\x8f\xa1j)\xb8\x1bP\
O\x16I\x92Fe\x1a\xe5\xe0\xbbp\xb5\x14\xddjF\
\x22\x92$\x8dX\x155\xaf\x96\x06`ft\x00I\x92\
\xc6dft\x00\xb0\x01\x90$i\xdcfF\x07\x80z\
\x1a\x80*\xc6!\x92$\x8dA\x155\xaf\x96\x06`f\
t\x00I\x92\xc6dft\x00\xa8\xa7\x01X7:\x80\
$Ic\xe2S\x00\x0bX=:\x80$Ic\xb2Z\
t\x00\xa8\xa0\x01\xc8\xb0<\xe5K\x92\xa4>X\xb1\xd9\
\x00/Tx\x03@%\x9d\x90$Ic\xf4\xcc\xe8\x00\
54\x00\xe1o\x82$Ic\x16^\xfbjh\x00\x9c\
\x00H\x92\xfa&\xbc\xf6\xd5\xd0\x00\x84wA\x92$\x8d\
Yx\xed\xab\xa1\x01\x08\xef\x82$I\x1a\xb3\xf0\xdaW\
C\x03\x10\xde\x05I\x924f\xe1\xb5\xcf\x06@\x92\xa4\
\xf1\x0b\xaf}6\x00\x92$\x8d_x\xed\xab\xa1\x01X\
%:\x80$Ic\xb6jt\x80\x1a\x1a\x80\x19\xd1\x01\
$I\x1a\xb3\xf0\xdaWC\x03\xb0\x5ct\x00I\x92\xc6\
\xcc\xad\x80\xa9\xe0M\x90$i\xcc\xc2/~kh\x00\
\xc2\xdf\x04I\x92\xc6,\xfc\xe2\xb7\x86\x06 \xfcM\x90\
$i\xcc\xc2/~m\x00$I\x1a?\x1b\x00*x\
\x13$I\x1a\xb3\xf0\x8b\xdf\x1a\x1a\x80\xf07A\x92\xa4\
1\x0b\xbf\xf8\xad\xa1\x01\x08\x7f\x13$I\x1a\xb3\xf0\x8b\
\xdf\x1a\x1a\x80\xf07A\x92\xa41\x0b\xbf\xf8\xb5\x01\x90\
$i\xfcl\x00$I\xd2\xf8\xd5\xd0\x00\xcc\x89\x0e \
I\xd2\x98\xcd\x8e\x0e`\x03 I\xd2\xf8\xd9\x00P\xc1\
\x9b I\xd2\x98\x85_\xfc\xd6\xd0\x00\x84\xbf\x09\x92$\
\x8dY\xf8\xc5o\x0d\x0d@\xf8\x9b I\xd2\x98\x85_\
\xfc\xd6\xd0\x00\x84\xbf\x09\x92$\x8dY\xf8\xc5\xaf\x0d\x80\
$I\xe3g\x03@\x05o\x82$Ic\x16~\xf1[\
C\x03\x10\xfe&H\x924f\xe1\x17\xbf54\x00\xe1\
o\x82$Ic\x16~\xf1[C\x03\xf0xt\x00I\
\x92\xc6,\xbc\xf6\xd5\xd0\x00\xdc\x1b\x1d@\x92\xa41\xbb\
':@\x0d\x0d@\xf8\x9b I\xd2\x98\x85\xd7>\x1b\
\x00I\x92\xc6/\xbc\xf6\xd5\xd0\x00\xdc\x1d\x1d@\x92\xa4\
1\x0b\xaf}54\x00\xe1]\x90$Ic\x16^\xfb\
l\x00$I\x1a\xbf\xf0\xdaWC\x03\x10>\x06\x91$\
i\xcc\xc2k_\x0d\x0d@x\x17$\xd5*\xc32\xd1\
\x19\xa6`Zt\x00\xa9b\xe1\x8f\xc0\xd7\xd0\x00\x84w\
AR\xc5V\x88\x0e0\x05+F\x07\x90*\x16~\xf1\
\x1b\xde\x00\xa4\xb2\x1b\xd2#\xd19\xa4J=#:\xc0\
\x14\xb49\xbb4J\x0f&\xb7\x02~Jx'$U\
jft\x80)\xd8(:\x80T\xa9*j^-\x0d\
\xc0-\xd1\x01\xa4Jm\x1a\x1d`\x0a6\x8b\x0e U\
\xea\xe6\xe8\x00PO\x03p}t\x00\xa9R\xdbE\x07\
\x98\x826g\x97FiVt\x00\xa8\xa7\x01\x98\x15\x1d\
@\xaa\xd4\x9e\xd1\x01\xa6`\xaf\xe8\x00R\xa5\xaa\xb8\xe8\
\xad\xa5\x01\xa8\xe2\xcd\x90*\xb4Yn\xe1:\x80\x5cn\
]\xb8\x06@Z\xb4Y\xd1\x01\xa0\x9e\x06`Vt\x00\
\xa9bo\x8c\x0e0\x806f\x96\xc6\xa5\x8a\x8b\xdeZ\
\x1a\x80*\xde\x0c\xa9Ro\xce\xf5|\xaf.U\xb3y\
\xd1\x9b\xa2sH\x15\x9b\x15\x1d\x00\xea\xf9P\xb9\x11\x98\
\x17\x1dB\xaa\xd4s\x80WF\x87\x98\x84\xd7\x03\x1bF\
\x87\x90*\xf5\x04>\x05\xf0\x07\x09\xe6\xe2\xa3\x80\xd2\x92\
|8C\x8a\x0e\xb14\xcd\xd5\xff\x87\xa2sH\x15\xbb\
)\x95& \x5c\x15\x0d@\xe3\x86\xe8\x00R\xc5\xb6\x03\
\x0e\x89\x0e1\x01\xef\x06\xb6\x88\x0e!UlVt\x80\
\xf9jj\x00\x5c\x07 -\xd9'3\xac\x1e\x1dbq\
2\xac\x0b\x1c\x11\x9dC\xaa\xdc\xac\xe8\x00\xf3\xd9\x00H\
\xed\xb1\x1a\xf0\xb5\x1a\x17\x046\x99\x8e\x05V\x8a\xce\x22\
U\xae\x9aZW\xd3\x07\xc95\xd1\x01\xa4\x16\xd8\x178\
<:\xc4\x22|\x02xqt\x08\xa9\x05\xae\x8d\x0e0\
_M\x0d\xc0\xa5\xd1\x01\xa4\x968\x22\xc3\xdb\xa2C\xcc\
\x97\xe10\xe0\xef\xa2sH-\xf1\xdb\xe8\x00\xf3U\xb3\
\xaa8\xc3t\xe0a`\xd9\xe8,R\x0b<\x01\xbc5\
\xc1\xffD\x86\xc8\xf0\x0e\xe0\xf3\xd4u1!\xd5\xeaq\
`E\x9f\x02XH\xf3(\xe0U\xd19\xa4\x96\x98\x06\
\x1c\x9b\xe1}\x11/\x9e!e\xf8(\xf0E*\xfa\x1c\
\x91*we-\xc5\x1f\xea\xfb\xc6\xbd$:\x80\xd4\x22\
\x09\xf8L\x86\x133\xac<\xae\x17\xcde\xa1\xdf\x09\xb8\
\xe2_\x9a\xacj\xc6\xffP_\x03\xe0:\x00i\xf2^\
\x0d\x5c\x90\xe1\xe5\xa3~\xa1\x5c^\xeb2\xe0\x80Q\xbf\
\x96\xd4A\x97E\x07XPm\x0d\x80\x13\x00i0\xcf\
\x02~\x92\xe1\xfb\x19\xb6\x19\xf6o\x9ea\xa7\x0c\xa7\x00\
'\x02\xeb\x0d\xfb\xf7\x97z\xa2\xaa\x1aW\xcd\x22@\x80\
\x0c\xeb\xe0\x96\xc0\xd2Te\xe0d\xe0\xcb\xc0I\x09\xe6\
\x0c\xf8\x9b\xcc\x00\xf6\x07\xde\x0e\xbctx\xf1\xa4\xdeZ\
;\xc1\xed\xd1!\xe6\xab\xaa\x01\x00\xc8p\x17e\xc3\x13\
ISw\x0fp*\xf0s\xe0\x5c\xe0\xda\x04\xb3\x17\xf5\
\x0ffX\x0e\xd8\x04\xd8\x05\xd8\x0b\xd8\x9b1\xae-\x90\
:\xee\xce\x04kF\x87XP\x8d\x0d\xc0\xe9\xc0\x9e\xd1\
9\xa4\x8e\x9aG\x99\xb2\xdd\x05<\xd4\xfc\xda\x8a\x94-\
\x86\xd7\xa5\x1c\xe6#i\xf8NK\xf0\x92\xe8\x10\x0b\x9a\
\x16\x1d`\x11.\xc1\x06@\x1a\x95e\x80\x0d\x9a/I\
\xe3S\xd5\x13\x00P\xdf\x22@\x80\x0b\xa3\x03H\x924\
d\x17E\x07XX\x8d\x0d\xc0\xd9\xd1\x01$I\x1a\xb2\
\xb3\xa2\x03,\xac\xba5\x00\x00\x19n\x05\xd6\x8e\xce!\
I\xd2\x10\xdc\x9a\xca\x1a\x9b\xaa\xd48\x01\x00\xf8Ut\
\x00I\x92\x86\xa4\xba\xab\x7f\xa8\xb7\x01\xf06\x80$\xa9\
+\xaa\xaci6\x00\x92$\x8dV\x955\xad\xd65\x00\
\xd3\x81\xfb\x81\xa7Eg\x91$i\x0a\x1e\x01V\xae\xe9\
\x14\xc0\xf9\xaa\x9c\x004G\x03\x9f\x1f\x9dC\x92\xa4)\
:\xb7\xc6\xe2\x0f\x956\x00\x8d*G&\x92$MB\
\xb5\xb5\xcc\x06@\x92\xa4\xd1\xa9\xb6\x96U\xb9\x06\x00 \
\xc3\xaa\xc0\xddT\x9cQ\x92\xa4%x\x12X5\xc1\x03\
\xd1A\x16\xa5\xda\x09@\x82{\x81\x8b\xa3sH\x924\
\xa0\xf3k-\xfePq\x03\xd089:\x80$I\x03\
\xaa\xba\x86\xd5\xde\x00\x9c\x12\x1d@\x92\xa4\x01U]\xc3\
\xaa\xbe\xbf\x9e\xcbq\xc5w\x01+Gg\x91$i\x12\
\xee\x05\xd6H0/:\xc8\xe2T=\x01h\x9e\x9d\xfc\
Yt\x0eI\x92&\xe9\xd4\x9a\x8b?T\xde\x004\xaa\
\x1e\xa1H\x92\xb4\x08\xd5\xd7\xae\xaao\x01\x00\xe4r,\
\xf0-\xb4 \xab$I@\x06\xd6Mp[t\x90%\
\xa9~\x02\xd0\xbc\x81\x97F\xe7\x90$i\x82.\xac\xbd\
\xf8C\x0b\x1a\x80F\xd5\x8fRH\x92\xb4\x80V\xd4\xac\
\xb64\x00\xd5\xdfK\x91$\xa9\xd1\x8a\x9a\xd5\x8a\xfb\xea\
\xcd\xf1\xc0w\x01+Eg\x91$i\x09\xee\x05\xd6\xac\
\xf5\x04\xc0\x05\xb5b\x02\xd0\x1c\x0f\xfc\x83\xe8\x1c\x92$\
-\xc5\xf7\xdaP\xfc\xa1%\x0d@\xe3\x84\xe8\x00\x92$\
-EkjU+n\x01\x00dX\x16\xb8\x1dX%\
:\x8b\xd4\x22\xf3\x80\x0b\x81_\x02W\x02\xd7\x007S\
\x0e(y\x04X\x06x:e\xb7\xcd\x99\xc0&\xc0\xd6\
\xc0\xee\xc0\xa6\xe3\x8f+\xb5\xda\xdd\xc0\xdam\x99\x00\xb4\
\xa6\x01\x00\xc8p4pHt\x0e\xa9rO\x00\xa7\x02\
\xc7\x01\xa7\x0cz\x1aY\x86u\x81W\x01\x07\x03;\x0d\
/\x9e\xd4Y_J\xf0\x97\xd1!&\xaam\x0d\xc0\xcb\
h\xc9\xeaJ)\xc0\x83\xc0\x7f\x03\x9fKeZ64\
\x19\xb6\x04\xfe\x1ex\x1d\xe5\x8c\x0eI\x7fj\xaf\x04\xa7\
G\x87\x98\xa8\xb65\x00\xd3(\x9b+\xac\x16\x9dE\xaa\
\xc8\x5c\xe0s\xc0?%\xb8o\x94/\x94\xe1\xd9\xc0\xa7\
\x80\xff3\xca\xd7\x91Z\xe8\x0e\xca\xee\x7fU\xef\xff\xbf\
\xa06-\x02\x9c\x7f8\xd0w\xa3sH\x159\x17\xd8\
.\xc1\x07F]\xfc\x01\x12\xfc>\xc1\xab\x81\xfd\x80\x1b\
G\xfdzR\x8b|\xa7M\xc5\x1fZ\xd6\x004Z\xb3\
\xc2R\x1a\xa1\x0c\xfc;\xb0{\x82\xcb\xc6\xfd\xe2\x09N\
\x02\x9e\x0b|g\xdc\xaf-U\xea\xf8\xe8\x00\x93\xd5\xaa\
[\x00\x00\xb9\xacZ\xbe\x05X3:\x8b\x14\xe4q\xe0\
\x0d\x09\xbe\x17\x1d$\x97\xcf\x90\x8f\x03\x1f\x0d\x8e\x22E\
\xba\x15X?\xc1\x93\xd1A&\xa3u\x13\x80f\xc4r\
bt\x0e)\xc8\xc3\xc0\xfe5\x14\x7f\x80\x049\xc1\xc7\
(O\xe7\xb4\xe2\xd1'i\x04Nh[\xf1\x87\x166\
\x00\x8d\xe3\xa2\x03H\x01\x1e\x03\xf6M\xf0\xb3\xe8 \x0b\
Kp\x0c\xf0\xae\xe8\x1cR\x90V\xd6\xa4V6\x00\xa9\
,|\xf2\x88`\xf5\xc9\x5c\xe0\x80\x04gE\x07Y\x9c\
\x04_\xc2[\x01\xea\x9f\x0bS\xd9l\xabuZ\xd9\x00\
4\x8e\x8a\x0e \x8d\xd1\xe1\xcd\xc2\xbb\xaa%8\x12o\
\xd1\xa9_Z[\x8bZ\xb7\x08p\xbe\x5c\xb6.\xbd\x05\
xZt\x16i\xc4N\x06\xf6Ke\xe5\x7f\xf5\x9a\xef\
\xcd\x0b\x80gEg\x91F\xec1`\x9d\x04\xf7G\x07\
\x19Dk'\x00\xcd\x1b^\xc5B(i\x84\x1e\x04\x0e\
mK\xf1\x87\xa7\xbe7\xdfB\x8b2K\x03:\xbe\xad\
\xc5\x1fZ\xdc\x004\xbe\x1c\x1d@\x1a\xb1\xc3Sy\xc4\
\xa8UR9|\xe8\x9b\xd19\xa4\x11k\xed\xf8\x1fZ\
|\x0b\x00\x9ez\x06\xf9J<\xb5L\xddt%\xb0u\
\xdbv\x17\x9b/\xc3:\xc0\xef\x81\x19\xd1Y\xa4\x11\xb8\
\x22\x9532Z\xab\xd5\x13\x80f,ztt\x0ei\
D>\xd1\xd6\xe2\x0f\xd0L.\xbe\x12\x9dC\x1a\x91V\
_\xfdC\xcb'\x00\x00\x19\xd6\x00n\x02\x96\x8d\xce\x22\
\x0d\xd1\x0d\xc0\xc6m9W|q2lH\x99\x02,\
\x13\x9dE\x1a\xa2\xd9\xc0z\x09\xee\x8e\x0e2\x15\xad\x9e\
\x00\x00$\xb8\x13\xf8at\x0ei\xc8\xbe\xda\xf6\xe2\x0f\
\x90J#sZt\x0ei\xc8\xbe\xd7\xf6\xe2\x0f\x1dh\
\x00\x1a\xff\x15\x1d@\x1a\xa2\x0c\xfcOt\x88!:6\
:\x804d\x9f\x8f\x0e0\x0c\xad\xbf\x050_\x86\xf3\
\x81\xed\xa3sHCpq\x82m\xa3C\x0cK\x86\x15\
\x81{\x80\xe9\xd1Y\xa4!8/\xc1\x8e\xd1!\x86\xa1\
+\x13\x00\x80\xcfD\x07\x90\x86\xe4\xf4\xe8\x00\xc3\x94\xe0\
!J\x83.u\xc1\xa7\xa3\x03\x0cK\x97\x1a\x80o\x03\
7F\x87\x90\x86\xe0\x8c\xe8\x00#\xd0\xa9\xa6F\xbd5\
\x0b\xf8nt\x88a\xe9L\x03\xd0,\x98\xfa\x5ct\x0e\
i\x08.\x89\x0e0\x02\x1e\xde\xa5.\xf8l\x17\x16\xe7\
\xce\xd7\x995\x00\xf0\xd4\xbd\xc6\x1b){\x91Km\xf4\
\x18\xb0B\x1b\xcf\x16_\x92\x0c\xdb\x00\x17E\xe7\x90\xa6\
\xe0>`\x83\x04\x0fG\x07\x19\x96\xceL\x00\xe0\xa9{\
\x8d\xad\xdf\x9cA\xbd6\xabk\xc5\xbf\xf1\xfb\xe8\x00\xd2\
\x14}\xb1K\xc5\x1f:6\x01\x00\xc8\xb0.p\x1dn\
\x0c\xa4v\xfaU\x82]\xa3C\x0c[\xb3m\xf7\x5c\xdc\
\x10H\xed4\x1b\xd8(\xc1m\xd1A\x86\xa9S\x13\x00\
\x80T\x8e\x08>!:\x874\xa0N]a\xcc\xd7l\
\xdb\xdd\xc9?\x9bz\xe1\xeb]+\xfe\xd0\xc1\x06\xa0\xe1\
#\x81j\xab\xb9\xd1\x01FhNt\x00i\x00\x19\xf8\
lt\x88Q\xe8d\x03\x90\xe0b\xe0\xa4\xe8\x1c\xd2\x00\
V\x88\x0e0B+F\x07\x90\x06\xf0\xa3\x04\x97E\x87\
\x18\x85N6\x00\x8d\x8fR:7\xa9M:Y$s\
Y\x93\xe3\xb1\xc0j\x9b\x0c|,:\xc4\xa8t\xb6\x01\
Hp\x01\x1e\x12\xa4\xf6Y':\xc0\x88t\xf5\xcf\xa5\
n\xfbN3Q\xee\xa4\xce6\x00\x8d\x0f\xd3\xcdG\xaa\
\xd4]k\xe6n\xeec\xb1it\x00i\x92\x9e\x04\x8e\
\x8c\x0e1J\x9dn\x00\x9a\xfb6\xdf\x89\xce!M\xd2\
f\xd1\x01F\xa0\x8b\x7f&u\xdb7S\xc7w\xb0\xec\
t\x03\xd0\xf8\x08\x1d\xda\xbaQ\xbd\xb0[t\x80\x11x\
At\x00i\x12\xe6\xd1\xf1\xab\x7f\xe8A\x03\x90\xe0\x1a\
\xe0[\xd19\xa4I\xd83:\xc005\x9b\x00\xed\x11\
\x9dC\x9a\x84c\x13\x5c\x1d\x1db\xd4:\xb7\x13\xe0\xa2\
d\xd8\x18\xb8\x12\x98\x16\x9dE\x9a\x80\x87\x815\x13<\
\x1a\x1dd\x18r9;\xfd\xd7\xd19\xa4\x09\x9a\x0bl\
\x9a\xe0\xfa\xe8 \xa3\xd6\xf9\x09\x00@\x82\xdf\x01_\x8b\
\xce!M\xd0\x0a\xc0\xab\xa2C\x0c\xd1\xc1\xd1\x01\xa4I\
8\xba\x0f\xc5\x1fz2\x01\x00\xc8\xb0!e\xa4\xb3\x5c\
t\x16i\x02NM\xb0Ot\x88\xa9j\x9e\xff\xbf\x19\
X=:\x8b4\x01\x8f\x03\x9b$\xb8):\xc88\xf4\
b\x02\x00\x90\xe0\x06\xe0\xdf\xa3sH\x13\xb4w\x86\xad\
\xa3C\x0c\xc1\xc1X\xfc\xd5\x1e\x9f\xe9K\xf1\x87\x1eM\
\x00\x00r\xd9e\xedj`\xed\xe8,\xd2\x04|#\xc1\
\x1b\xa3C\x0c*\x97\x93\xff\xae\x006\x89\xce\x22M\xc0\
\x1d\x94\xab\xff\x07\xa3\x83\x8cKo&\x00\x00\x09\x1e\xa2\
l\x11,\xb5\xc1A\x19\xb6\x89\x0e1\x05o\xc3\xe2\xaf\
\xf6\xf8`\x9f\x8a?\xf4l\x02\x00\x90K\xd3\xf3k`\
\x87\xe8,\xd2\x04\x9c\x07\xec\x9cZ\xb6\xa3e\x86U)\
\xd3\xb6\xd5\xa2\xb3H\x13p\x01\xb0c\xdb\xbe\xcf\xa6\xaa\
W\x13\x00\x80\xe6?\xf0\xfb\xa3sH\x13\xf4|\xe0\x9d\
\xd1!\x06\xf0oX\xfc\xd5\x0e\x19xO\xdf\x8a?\xf4\
\xb0\x01\x00Hp&\xf0\xed\xe8\x1c\xd2\x04}&\xc3\xb6\
\xd1!&*\xc3\xeb\xf1\xd1?\xb5\xc77\x12\xfc*:\
D\x84\xde\xdd\x02\x98/\xc3L\xca\xe6@\x1eQ\xaa6\
\xb8\x86r+\xe0\xbe\xe8 K\x92\xe1\xb9\xc09\xc0\xd3\
\xa3\xb3H\x13\xf0(e\xd3\x9f\x9b\xa3\x83D\xe8\xe5\x04\
\x00 \xc90\x0a\xc5\x00\x00\x0c+IDAT\xc1,\
\xe03\xd19\xa4\x09\xda\x0489W\x5cX3\xac\x0f\
\xfc\x98\x8a3J\x0b\xf9d_\x8b?\xf4x\x02\x00\x90\
\xcb\x8ekW\x01\xebFg\x91&\xe8$\xe0\x80\x04\x8f\
E\x07YP\x86\xf5\x80\xd3p\xd5\xbf\xda\xe3F`\xb3\
\xda\xbe\x97\xc6\xa9\xb7\x13\x00\x80T\xf6\x5cwA\xa0\xda\
\xe4\xe5\xc0\xa9\x19V\x8e\x0e2_\x86\xcd\x81\xb3\xb1\xf8\
\xab]\xde\xdb\xe7\xe2\x0f=o\x00\x00\x12\x1cO\x19[\
Jm\xf1B\xe0\xec\x0c[D\x07\xc9\xb0\x1fp\x16\xb0\
At\x16i\x12\xbe\x9b\xe0{\xd1!\xa2\xf5\xfa\x16\xc0\
|\xcd\xbd\xcb\xcb);\x05Jm\xf1\x08\xf0\xd7\x09\xbe\
2\xee\x17\xce\xe5L\x8d#\x81\xbf\xc5\xcf\x11\xb5\xcb\xfd\
\xc0\x96\x09n\x8d\x0e\x12\xad\xf7\x13\x00\x80f\xef\xe7\x7f\
\x88\xce!M\xd2\xd3\x81\xa33\x9c\x91a\xcbq\xbdh\
\x86=\x81\x0b\x81\x0f`\xf1W\xfb|\xd0\xe2_\xf8\xcd\
\xdbhv\x08<\x13\xd8-:\x8b4\x809\xc0W\x81\
\x7fNp\xdd(^ \xc3\xae\xc0\xe1\x94u\x08R\x1b\
\xfd\x02\xd83\x95\xcd\x7fz\xcf\x06`\x01\xcd=\xd5\x0b\
\xf1\xc8`\xb5\xd7\x13\xc0w\x81c)G\x0a?1\x95\
\xdf\xac9@\xeb\xd5\xc0!\xc0\x8b\xa6\x1eO\x0a\xf38\
\xf0\xbcT\xf6\xd4\x106\x00\x7f\x22\x97\xc3\x82\x8e\x88\xce\
!\x0d\xc1]\xc0\xa9\xc0\xe9\xc0/\x81\xeb\x96\xb6\xddi\
\x86e)\xab\xfa\xf7\x00\xf6j\xbe\x9e6\xda\x98\xd2X\
\x1c\x9e\xe0\x9f\xa2C\xd4\xc4\x06`!\xcd\x07\xe0\x85\x8c\
\xf1\x9e\xaa4&\xb3)W?\xb7PN\xc6\xbc\x1f\x98\
F\xd9\x0f\xe3\x99\xc0\x86\x94\x1d2\x97\x09\xca'\x8d\xca\
%\xc0\x0e\x09\xe6F\x07\xa9\x89\x0d\xc0\x22d\xd8\x89\xf2\
\x5c\xb3\x1f\x84\x92\xd4nO\x02/\xe8\xeb~\xffK\xe2\
S\x00\x8b\x90\xcaq\xc1\xff\x16\x9dC\x924e\x9f\xb6\
\xf8/\x9a\x13\x80\xc5h\x9es>\x17\xd8&:\x8b$\
i \x17\x02\xbb\xa4\xf2\x94\x8c\x16b\x03\xb0\x04\xcdS\
\x01\xe7\x03\xcbGg\x91$M\xca\xa3\xc0\xf6\xa9\x9c\xf7\
\xa2E\xf0\x16\xc0\x12$\xb8\x02\xf8\xbb\xe8\x1c\x92\xa4I\
{\x9f\xc5\x7f\xc9\x9c\x00,E.\xef\xd1\x0f\x80\xfd\xa3\
\xb3H\x92&\xe4\x07\x09^\x15\x1d\xa2v6\x00\x13\x90\
au\xcac$kEg\x91$-\xd1\x1d\x94\x0d\x7f\
\xee\x88\x0eR;o\x01L@*\x1b\xaa\xbc\x05\xb7\x8f\
\x94\xa4\x9ae\xe0\x10\x8b\xff\xc4\xd8\x00LP*;\xaa\
\xfdgt\x0eI\xd2b}6\xc1I\xd1!\xda\xc2[\
\x00\x93\xd0<\x1a\xf8\x1b\xe0\xb9\xd1Y$I\x7f\xe42\
\xe0\xf9\xa9\xec\xf9\xaf\x09p\x020\x09\xa9l\xa5z \
\xf0`t\x16I\xd2S\x1e\x02\x0e\xb4\xf8O\x8e\x0d\xc0\
$%\xb8\x1ax3\xae\x07\x90\xa4\x1ad\xe0\xad\x09\xae\
\x8c\x0e\xd266\x00\x03H\xf0}\xe0\xd3\xd19$I\
|\x22\xc1\x89\xd1!\xda\xc85\x00\x03\xca\xe5\xa0\xa0\x93\
\x80\xbd\xa3\xb3HRO\x9d\x06\xbc,\xc1\xbc\xe8 m\
d\x030\x05\xb9\x1c\xa1z>\xe5\x08UI\xd2\xf8\xdc\
H\xd9\xea\xf7\xee\xe8 m\xe5-\x80)Hp\x0f\xf0\
j\xe0\xb1\xe8,\x92\xd4#\x8f\x03\xaf\xb1\xf8O\x8d\x0d\
\xc0\x14%\xb8\x08xot\x0eI\xea\x91w\xa52}\
\xd5\x14\xd8\x00\x0cA\x82/\x01GE\xe7\x90\xa4\x1e\xf8\
B\x82\xafD\x87\xe8\x02\xd7\x00\x0cI\x86\x19\xc0\x19\xc0\
N\xc1Q$\xa9\xab\xce\x01^\xdc\xec\xc9\xa2)\xb2\x01\
\x18\xa2\x0c\xab\x01\xbf\x026\x8e\xce\x22I\x1ds=\xb0\
s\x82;\xa3\x83t\x85\xb7\x00\x86\xa8Y\x90\xb2?p\
_t\x16I\xea\x90{\x81}-\xfe\xc3e\x030d\
\x09\xae\xa2\x9cC\xed\x88J\x92\xa6n\x0ep@\xb3\x0b\
\xab\x86\xc8\x06`\x04\x12\x9c\x89\xc7\x07K\xd2Te\xe0\
\xd0\x04?\x8f\x0e\xd2E6\x00#\x92\xe0[\xc0\x11\xd1\
9$\xa9\xc5>\x9c\xe0\xb8\xe8\x10]\xe5\x22\xc0\x11\xca\
\xe5\xfd=\x86rx\x90$i\xe2\xbe\x92\xe0m\xd1!\
\xba\xcc\x06`\xc42L\xa7\x9c\x19\xf0\x92\xe8,\x92\xd4\
\x12gP\xf6\xf8\x9f\x13\x1d\xa4\xcbl\x00\xc6 \xc3\xca\
\xc0/\x81\xad\xa2\xb3HR\xe5.\x01^\x98\xe0\xc1\xe8\
 ]\xe7\x1a\x801Hp?\xb0\x17\xe5\x09\x01I\xd2\
\xa2]K\xb9\xf2\xb7\xf8\x8f\x81\x13\x801\xca\xb0\x1ee\
\x12038\x8a$\xd5\xe6&\xca\x95\xff\x0d\xd1A\xfa\
\xc2\x09\xc0\x18%\xb8\x19x)pkt\x16I\xaa\xc8\
\x1d\xc0K-\xfe\xe3\xe5\x04 @\x86M\x81_\x00k\
Fg\x91\xa4`w\x03\xbb'\xb8\x22:H\xdf8\x01\
\x08\xd0\xech\xf52\xdc2XR\xbf=\x00\xecc\xf1\
\x8fa\x03\x10$\xc1o\x81\x97\x03\x0fGg\x91\xa4\x00\
\x8f\x02\xfb'\xb8 :H_\xd9\x00\x04Jp.\xf0\
J\xe0\xf1\xe8,\x924Fs\x80W\xa7\xb2(ZA\
l\x00\x82%8\x1dx\x0d6\x01\x92\xfa\xe1q\xe0U\
\x09N\x8d\x0e\xd2w.\x02\xacD\x86\xdd\x81\x1f\x01+\
Fg\x91\xa4\x11y\x84R\xfc\x7f\x16\x1dD6\x00U\
\xc9\xf0|\xe0\x14`\xd5\xe8,\x924d\xf7\x03\xfb%\
8':\x88\x0a\x1b\x80\xcad\xd8\x962\x1a[=:\
\x8b$\x0d\xc9\xbd\x94\xd5\xfe\xe7E\x07\xd1\x1f\xd8\x00T\
(\xc3f\x94\x11\xd9\xba\xd1Y$i\x8an\x07\xf6N\
pit\x10\xfd1\x1b\x80J\xe5\xb2]\xf0i\xc0\xb3\
\x82\xa3H\xd2\xa0n\x00^\x92\xe0w\xd1A\xf4\xa7|\
\x0a\xa0R\x09f\x01{\x02\xd7\x04G\x91\xa4A\x5cM\
\xd9\xdb\xdf\xe2_)\x1b\x80\x8a%\xb8\x91\xf2t\x80\xa3\
3Imr\x09e{\xdf\x9b\xa2\x83h\xf1l\x00*\
\x97\xca\xfd\xb3\xdd\x80\x93\xa3\xb3H\xd2\x04\xfc\x0cxQ\
*\x07\xfc\xa8b6\x00-\x90\xe0!\xe0\xcf\x81/F\
g\x91\xa4%8\x06xy*{\xfc\xabr6\x00-\
\x91\xe0\x89\x04\xef\x04\xde\x0b<\x19\x9dG\x92\x16\x90\x81\
#\x12\x1c\x92`nt\x18M\x8cO\x01\xb4P\x86\xd7\
\x02\xc7\x023\xa2\xb3H\xea\xbd\xd9\xc0\xdb\x12|=:\
\x88&\xc7\x06\xa0\xa52\xec\x0a\xfc\x00X-:\x8b\xa4\
\xde\xba\x97r\xa8\xcf/\xa2\x83h\xf2l\x00Z,\xc3\
\xc6\xc0O\x80M\xa2\xb3H\xea\x9d\xeb([\xfb^\x15\
\x1dD\x83q\x0d@\x8b5\xcf\xd7\xbe\x90r\xac\xb0$\
\x8d\xcb9\xc0\xce\x16\xffv\xb3\x01h\xb9\x04w\x02{\
\x00\xff\x1e\x1cER?\x1cG\xd9\xdd\xef\xae\xe8 \x9a\
\x1ao\x01tH\x867\x01_\x00\x96\x8f\xce\x22\xa9s\
f\x03\xefNpTt\x10\x0d\x87\x0d@\xc74\xa7\x09\
~\x97r\x96\x80$\x0d\xc3M\xc0\x01\x09~\x13\x1dD\
\xc3\xe3-\x80\x8eIp\x11\xb0\x03\xf0\xd3\xe8,\x92:\
\xe1\x0c`\x07\x8b\x7f\xf7\xd8\x00tP\x82{\x80}\x81\
#p\xd3 I\x83\xc9\xc0?S\xee\xf7\xdf\x19\x1dF\
\xc3\xe7-\x80\x8e\xcb\xb0?e\xd1\xceJ\xd1Y$\xb5\
\xc6C\xc0[\x13\x9c\x18\x1dD\xa3c\x03\xd0\x03\x196\
\x07\x8e\x07\xb6\x8e\xce\x22\xa9z\xbf\x05\x0eJ\xe58_\
u\x98\xb7\x00z \xc1\x95\xc0\x8e\x94q\x9e\xb7\x04$\
-J\xa6<N\xbc\x93\xc5\xbf\x1f\x9c\x00\xf4L\x86\x97\
\x00_\x03\xd6\x89\xce\x22\xa9\x1awP\x0e\xf29):\
\x88\xc6\xc7\x09@\xcf\xa4rV\xf76\xc0\x0f\xa3\xb3H\
\xaa\xc2)\xc06\x16\xff\xfe\xb1\x01\xe8\xa1\x04w%x\
%\xf0f\xe0\x91\xe8<\x92B<F9^\xfc\xe5\x09\
n\x8f\x0e\xa3\xf1\xf3\x16@\xcfe\xd8\x8cr\x8c\xe7v\
\xd1Y$\x8d\xcde\xc0\x1b\x12\x5c\x1a\x1dDq\x9c\x00\
\xf4\x5cs\x98\xc7\xae\xc0\xa7q\x81\xa0\xd4u\xf3\x80\x7f\
\x01\xb6\xb7\xf8\xcb\x09\x80\x9e\xd2l#|\x14N\x03\xa4\
.\xba\x14x{\x82_G\x07Q\x1d\x9c\x00\xe8)\xcd\
6\xc2;\x03\x7f\x0f<\x1e\x1cG\xd2p<N\xd9\x15\
t\x07\x8b\xbf\x16\xe4\x04@\x8b\x94ac\xe0\x8b\xc0\x8b\
\xa3\xb3H\x1a\xd8Y\xc0;\x9a\xbd@\xa4?\xe2\x04@\
\x8b\x94\xe0w\x94=\x03\xde\x0c\xdc\x1b\x1cG\xd2\xe4<\
@Y\xe1\xbf\xbb\xc5_\x8b\xe3\x04@K\x95am\xe0\
?\x80\xd7Dg\x91\xb4T?\x06\x0eKpst\x10\
\xd5\xcd\x09\x80\x96*\xc1m\x09\x0e\x00^\x8b\x1f*R\
\xadn\x04^\x9d`\x7f\x8b\xbf&\xc2\x06@\x13\x96\xe0\
;\xc0\xa6\x94E\x82\x0f\x07\xc7\x91T<J9\xe7c\
\xcb\x04\xdf\x8b\x0e\xa3\xf6\xf0\x16\x80\x06\x92a]\xe0\x13\
\xc0_\xe0\xffGR\x84Li\xca?\x90\xe0\x86\xe80\
j\x1f?\xb85%\xb9\x9c2\xf8o\xc0.\xd1Y\xa4\
\x1e\xb9\x00xo*\xab\xfc\xa5\x81x\x0b@S\x92\xe0\
7\xc0n\x94\xa7\x05\xdcO\x5c\x1a\xad\xdb\x80\xbf\x04v\
\xb4\xf8k\xaa\x9c\x00hh2\xac\x08\x1cNy\xfch\
\xb9\xe08R\x97<\x0e|\x16\xf8\xa7\xe4\xfa\x1b\x0d\x89\
\x0d\x80\x86.\xc3\xfa\xc0\xdfR\xaeTl\x04\xa4\xc1\xcd\
\x05\xbe\x05|<\xc1u\xd1a\xd4-6\x00\x1a\x99\x0c\
\x1b\x02\xff\x00\x1c\x02L\x0b\x8e#\xb5\xc9\x93\xc0\x89\xc0\
?4\x9brICg\x03\xa0\x91\xcb\xb0\x11\xe5\xd1\xc1\
\xb7\x01\xcb\x04\xc7\x91j6\xbf\xf0\x7f8\xc15\xd1a\
\xd4m6\x00\x1a\x9b\x0c[P\x1a\x817\xe2\x02Ti\
A\x19\xf8\x09\xf0\x91\x04\x17G\x87Q?\xd8\x00h\xec\
\x9ac\x87\xff\x11\xd8\x0f\xff\x1fT\xbfe\xe0G\xc0G\
\x13\xfc6:\x8c\xfa\xc5\x0f_\x85\xc9\xb05\xf0n\xe0\
M\xc0\x8c\xe08\xd28\xcd\x01\x8e\x07\xfe%\xc1e\xd1\
a\xd4O6\x00\x0a\x97aM\xe00\xe0=\xc0\xaa\xc1\
q\xa4Qz\x10\xf8*\xf0)\xf7\xebW4\x1b\x00U\
#\xc3\x0a\xc0\x1b\x80\xf7\x03\x9b\x04\xc7\x91\x86i\x16\xf0\
\x05\xe0\x0b\xa9\x1c\xd5+\x85\xb3\x01PurY \xb8\
\x1f\xe5\x11\xc2\x9d\x83\xe3HSq\x11e\xab\xeco$\
x\x22:\x8c\xb4 \x1b\x00U-\xc3\xee\xc0_\x01\xaf\
\x02\x96\x0d\x8e#M\xc4l\xe0\xfb\xc0\x7f'83:\
\x8c\xb486\x00j\x85\x0c+\x03\x07\x02\xef\x02\x9e\x1b\
\x1cGZ\x94\xab\x81c\x80\xaf$\xb8+:\x8c\xb44\
6\x00j\x9d\x0c\xdb\x03\xef\xa0\xec'\xf0\xf4\xe08\xea\
\xb7\xc7)\x8f\xf1}\x098-\x95\xc7\xfa\xa4V\xb0\x01\
Pkex\x06\xf0:\xca\x99\x03\xdb\x05\xc7Q\xbf\x5c\
\x01\x1c\x0b|9\xc1\xbd\xd1a\xa4A\xd8\x00\xa8\x132\
\xec\x00\x1c\x0c\xbc\x16X;8\x8e\xba\xe9V\xe0\xdb\xc0\
q\x09.\x88\x0e#M\x95\x0d\x80:\xa5y\x82`W\
J#p \xb0Vl\x22\xb5\xdc=\xc0I\x94\xc2\x7f\
\xb2+\xf9\xd5%6\x00\xea\xac\x85\x9a\x81\x83(\x1b\x0e\
IKs\x1f\xf0cJ\xd1?%\x95#y\xa5\xce\xb1\
\x01P/d\x98\x0e\xecEi\x04^\x09\xac\x12\x9bH\
\x95\xb9\x97\xf2\xe8\xde\x09\x94\xc5|^\xe9\xab\xf3l\x00\
\xd4;\xb9\x1cI\xbc\x0d\xf0\x12`\x7f`\x17<\x9d\xb0\
\x8f\xae\xa0\xac\xe0\xff\x19\xf0\x0b\xaf\xf4\xd576\x00\xea\
\xbd\x0c\xab\x03{P\x9a\x81\xfd\xf0<\x82\xae\xba\x178\
\x8dR\xf0\x7f\x92\xe0\x96\xe0<R(\x1b\x00i\x01\xcd\
t`'`_`\x1f\xca\xe3\x85N\x07\xda\xe9I\xe0\
|\xe0\x14\xe0d\xe0\xbc\x04\xf3b#I\xf5\xb0\x01\x90\
\x96\xa09\xa0h\x1b`7\xe0\x05\xc0\x0b\x81\x95BC\
iq\x1e\xa5\xec\xbd\x7f\x16p6p\xb6\xcf\xe8K\x8b\
g\x03 MB3!\xd8\x8c?4\x04/\x026\x0c\
\x0d\xd5_\xb7S\xae\xf0\xe7\x17\xfc\xf3R\xd9\x87_\xd2\
\x04\xd8\x00HS\x94\xe1Y\x94\x86`;`k\xcaY\
\x05\xab\x87\x86\xea\x9e\xbb\x80K\x9a\xaf\x0b)W\xf7\xd7\
\xc7F\x92\xda\xcd\x06@\x1a\x81\x5c\x1e3\xdc\x92rn\
\xc1\x16\xcd\xcf\xb7\x05\x9e\x16\x99\xab\x05\xe6\x02\xd7\x02\x97\
SV\xe9_\x00\x5c\x9e\xe0\xba\xd0TR\x07\xd9\x00H\
c\x92a\x1a\xb0)\xb0U\xf3\xe3L`\xa3\xe6\xc7\xf5\
(\x7f\xbf\x0f\x9e\x00n\x02f5_\xd7\x03\xd7\x00\x97\
\x02\xd7\xf8\x0c\xbe4\x1e6\x00R\x05\x9a\xe6`}J\
30\x93?4\x06\x1b\x01\xeb\x02\xab\x01+\xc6\xa4\x9b\
\xb4\x87\x80\xbb)\x8f\xd9]\xdf|\xcd\xe2\x0f\xc5\xfef\
\x8b\xbc\x14\xcf\x06@j\x89\x0c\xcb\x02\xcf\x5c\xe8ku\
Js\xb0\xe0\xaf-G\xf9\xde^\xb9\xf9Wg\x00\xcb\
7?_\x89\xf2X\xe3t\xca\x13\x0e\x00\x0fSF\xef\
O\x02\x0f4\xbf\xf6\x18\xe5\xa8[\x80\xfb\xcb\xcb3\x9b\
R\xd8\xefi\xbe\xee^\xe8\xaf\xef\x01\xeeI0gx\
\x7fjI\x92$I\x92$I\x92$I\x92$I\x92\
$I\x92$I\x92$I\x92$I\x92$I\x92$\
I\x92$I\x92$I\x92$I\x92$I\x92$I\
\x92$I\x92$I\x92$I\x92$I\x92$I\x92\
$I\x92$I\x92$I\x92$I\x92$I\x92$\
I\x92$I\x92$I\x92$I\x92$I\x92$I\
\x92$E\xfa\xff\x12}72G\x0b \xe9\x00\x00\x00\
\x00IEND\xaeB`\x82\
\x00\x00\x01\xfb\
\x89\
PNG\x0d\x0a\x1a\x0a\x00\x00\x00\x0dIHDR\x00\
\x00\x004\x00\x00\x004\x08\x06\x00\x00\x00\xc5x\x1b\xeb\
\x00\x00\x00\x09pHYs\x00\x00\x0b\x13\x00\x00\x0b\x13\
\x01\x00\x9a\x9c\x18\x00\x00\x01\xadIDATx\x9c\xed\
\xd7\xcd\x8b\x8eQ\x1c\xc6\xf1\x0f\x92\xb7\x85\x85\xc8Kl\
l\x94\xb2\xb2Q\xfe\x00\x0b&\x0b\x0b\x1b\xca\x1f0%\
{\xc9n\xf6bA\x9a\xc2\x82\x92\x14{\xc5Fda\
\x81\x05c\x14bEy)Rst\xea,\xf4\xf4\xdc\
f\xe6<\xcf\xdcs\xee\xbb\xf3\xadk\x7f}\xcf\xfd\xf2\
\xfb\x1d*\x95J\xa5R\xa9t\x92\x158\x9c\xb2F\x0f\
\xb8\x82\x90\xf2\x16\x07t\x9c\xdf\xff\x08\xc5\xfc\xc1Y\xac\
\xd2QBC\x1e`\xb3\x1e\x09\x05\xbc\xc7~=\x12\x0a\
\xf8\x89cz$\x140\x87\xd3z$\x14R\xa6\xf4L\
(\xe0\x02V\xea\x91P\xcc\x0d\xacn\xab`<\xbd\xad\
\xd8\x87C8\x813\xe9u\x99\xc6=<\xc6l\xfa\xe0\
Cf\xee\x8eSj#&R\xd1K\xb8\x8fg\xf8\x98\
\x06ch)7\xc71\x80\xe3\x13x\xd4b\xe9\xf92\
\x9d\xf6\xc1l&\x0a\x90\x08\x03\xb98\x8a\xd4\xf5\x02\x04\
\xc2\x90\x9c\xcb\x15zS@\xf9\xd00|\x8f\xe7\x08\xfd\
(\xa0|h\xc8\xe7\xbe\x09}\xcd\x11\x9a)\xa0xh\
\xc8\xe5\x1c\xa1[\x05\x14\x0fC\xf2\x14\x1br\x84N\x15\
P>\x0c\xe4\x15\xb6\xc8$\x9e\xc2\x97\x02$B\xcak\
\xec0\x22'\xf1\xad\x00\x99w\xd8eL\xc4\x1dj'\
\x0e\xa6\xff\xff$\xce\xa7\xdd\xee\x0e\x1e\xe2%>\xe1\xd7\
\x12\xc8|\xc0n\xcb\xc8:l\xc7\xdet\x08G\xd2&\
\x9e#3\xb3\xdc2\xffc\xb12/\xc6\xf1\xcd,%\
\x8b\x91\x89\xf7\xa8M\x0ag\xa12\xf1\xce\xb5^\x07\x08\
\x0b\xc8\xb56\xaf\xdc\xa32\xdf\x06=5\xea\x05\xaem\
\x9ad\xbe\xe3\xa8\x0e27D\xe69\xf6\xe8(O\x06\
d\xe2`^\xab\xc3l\xc3U\xdcN\xc3\xb6R\xa9T\
*\x95\x8a\xc2\xf9\x0b\xc4\x10\x96j\xc2\xbd\xabo\x00\x00\
\x00\x00IEND\xaeB`\x82\
\x00\x00\x02.\
<\
?xml version=\x221.\
0\x22 encoding=\x22utf\
-8\x22?><!-- Upload\
ed to: SVG Repo,\
 www.svgrepo.com\
, Generator: SVG\
 Repo Mixer Tool\
s -->\x0a<svg width\
=\x22800px\x22 height=\
\x22800px\x22 viewBox=\
\x220 0 16 16\x22 xmln\
s=\x22http://www.w3\
.org/2000/svg\x22 f\
ill=\x22#000000\x22 cl\
ass=\x22bi bi-octag\
on\x22>\x0a  <path d=\x22\
M4.54.146A.5.5 0\
 0 1 4.893 0h6.2\
14a.5.5 0 0 1 .3\
53.146l4.394 4.3\
94a.5.5 0 0 1 .1\
46.353v6.214a.5.\
5 0 0 1-.146.353\
l-4.394 4.394a.5\
.5 0 0 1-.353.14\
6H4.893a.5.5 0 0\
 1-.353-.146L.14\
6 11.46A.5.5 0 0\
 1 0 11.107V4.89\
3a.5.5 0 0 1 .14\
6-.353L4.54.146z\
M5.1 1 1 5.1v5.8\
L5.1 15h5.8l4.1-\
4.1V5.1L10.9 1H5\
.1z\x22/>\x0a</svg>\
\x00\x00\x01\xf3\
\x89\
PNG\x0d\x0a\x1a\x0a\x00\x00\x00\x0dIHDR\x00\
\x00\x004\x00\x00\x004\x08\x06\x00\x00\x00\xc5x\x1b\xeb\
\x00\x00\x00\x09pHYs\x00\x00\x0b\x13\x00\x00\x0b\x13\
\x01\x00\x9a\x9c\x18\x00\x00\x01\xa5IDATx\x9c\xed\
\xd9?(\x84q\x1c\xc7\xf1\xf7\xe3\xdf\x91\xfc)\x83\xec\
,R,\x06\xa3\xc9\xe2\xb2\xc9b4\xdc\x88\x89E&\
\x16\xc9bP\x14\x91b\x12eS'\x92\xc1j\xa0\x18\
\x842\xea\xae\xfc\x89GO\xfd~u\xa9\xe3\x9e\xdf=\
\xf7\xfc\xbeO\xfd\xde\xf5\xd9\xefu\xcf\xfd\xf9\xdds\xe0\
r\xb9\x5c\xae\xf2\x1a\x03\x1e\x80'`\x06\xf0Hh\x1e\
0\x0f|\x03~\xc1v\x80\x14\x09\xc4\xac\xfc\x82\x14\xee\
\x18h !U\x03\x1b\x7f`\xf4\xb2@\x13\xc2\xab\x05\
\xf6J\xc0\xe8\x9d\x01\xcd\x08\xc6\x1c\x84\xc0\xe8]H\xbc\
R^\x89/\xb3b;\x01\xea\x11\xd4R\x19\x18\xbd\xe0\
\xea\xd6 \xa0\xb9\x080z\x9b\xb6\xbf\xa72\x11b\xf4\
\x16laF\x81\xaf\x0a\x80\x82M\xc6\x8d\xe9\x03\xf2\x15\
\xc2\xf8\xea\x89J\xc7\x85i\x03\xee*\x88\xd1{\x05z\
\xe28\x05dc\xc0\xe8\xdd\x00-I\xf9D+u\xfb\
\x95\xc2\xf4\x03\x1f\x16@>0\x115&\x15\xd3\xfb\xa6\
\xd8\xf2@W\x94\xa0\xb4E\x8c\xaf6\x1b%hX\x00\
(\x13%(8\x8e\xac\x01\xef\x16 \x9f\xea'I\x1d\
\x16\xca\x19>\xe8n\x84vo\x08\xea@h\x97\x86 \
\xb1\xf7\x17\x0e\x0d0o\x08n\xdd\x00\xf4\x8c\xe0\x16\x0d\
@\xd7\x08n\xda\x00t\x8e\xe0\xc6\x0d@G\x08n\xc8\
\x00\xb4\x8d\xe0z\x0d@\xcb\x08\xae\xdd\xf6\xa13\xea\xaa\
\xd4\xd9\xcb\xeao\x9d\xa8{\x0c\x09\x1aAxW!A\
\x03\x08\xef($\xa8\x13\xe1\xad\x86\x045\x22\xbc\xa9\x10\
\x98\x17\x12P:\x04\xe8\x94\x04\xd4\xaa\x1e\xe8\x7f\x98\xe0\
\xd3p\x90\x84\xe4\xa9+\xb5\xa5\xee~\xe6\xd4\xad\xa8[\
`W\x9d\xf9D\xfd\xc1\xe5r\xb9\x5c$\xa2\x1f>\x87\
\x8e\x86\xf3\xe1f\xcc\x00\x00\x00\x00IEND\xaeB\
`\x82\
"

qt_resource_name = b"\
\x00\x05\
\x00o\xa6S\
\x00i\
\x00c\x00o\x00n\x00s\
\x00\x08\
\x0b\xd7Y\x07\
\x00l\
\x00e\x00f\x00t\x00.\x00p\x00n\x00g\
\x00\x0c\
\x02q\xc6\xa7\
\x00u\
\x00p\x00-\x00r\x00i\x00g\x00h\x00t\x00.\x00p\x00n\x00g\
\x00\x08\
\x0bcX\x07\
\x00s\
\x00t\x00o\x00p\x00.\x00p\x00n\x00g\
\x00\x08\
\x05\xe2T\xa7\
\x00l\
\x00o\x00g\x00o\x00.\x00s\x00v\x00g\
\x00\x11\
\x0frI\xa7\
\x00e\
\x00x\x00t\x00e\x00r\x00n\x00a\x00l\x00-\x00l\x00i\x00n\x00k\x00.\x00s\x00v\x00g\
\
\x00\x0a\
\x05x\xd9'\
\x00u\
\x00p\x00l\x00o\x00a\x00d\x00.\x00p\x00n\x00g\
\x00\x17\
\x0c\xb3\xc7\x87\
\x00i\
\x00c\x00o\x00n\x00s\x008\x00-\x00d\x00o\x00w\x00n\x00-\x00l\x00e\x00f\x00t\x00-\
\x005\x002\x00.\x00p\x00n\x00g\
\x00\x08\
\x0b\x07W\xa7\
\x00e\
\x00d\x00i\x00t\x00.\x00s\x00v\x00g\
\x00\x0b\
\x0b/?\x07\
\x00u\
\x00p\x00-\x00l\x00e\x00f\x00t\x00.\x00p\x00n\x00g\
\x00\x0e\
\x005\xdcg\
\x00d\
\x00o\x00w\x00n\x00-\x00r\x00i\x00g\x00h\x00t\x00.\x00p\x00n\x00g\
\x00\x08\
\x06\xe1Z'\
\x00d\
\x00o\x00w\x00n\x00.\x00p\x00n\x00g\
\x00\x09\
\x09e\x8eg\
\x00e\
\x00r\x00r\x00o\x00r\x00.\x00p\x00n\x00g\
\x00\x09\
\x0d\xf7\xa6\xa7\
\x00r\
\x00i\x00g\x00h\x00t\x00.\x00p\x00n\x00g\
\x00\x0b\
\x0e\xca\x0e'\
\x00o\
\x00c\x00t\x00a\x00g\x00o\x00n\x00.\x00s\x00v\x00g\
\x00\x06\
\x07\xc3WG\
\x00u\
\x00p\x00.\x00p\x00n\x00g\
"

qt_resource_struct = b"\
\x00\x00\x00\x00\x00\x02\x00\x00\x00\x01\x00\x00\x00\x01\
\x00\x00\x00\x00\x00\x00\x00\x00\
\x00\x00\x00\x00\x00\x02\x00\x00\x00\x0f\x00\x00\x00\x02\
\x00\x00\x00\x00\x00\x00\x00\x00\
\x00\x00\x01\x18\x00\x00\x00\x00\x00\x01\x00\x00q\x88\
\x00\x00\x01\x98\xf2x$n\
\x00\x00\x00&\x00\x00\x00\x00\x00\x01\x00\x00\x02\x05\
\x00\x00\x01\x98\xf2x$n\
\x00\x00\x00\x98\x00\x00\x00\x00\x00\x01\x00\x00K\x0b\
\x00\x00\x01\x98\xf2x$o\
\x00\x00\x00Z\x00\x04\x00\x00\x00\x01\x00\x00@\xbc\
\x00\x00\x01\x990\xfa\x95\x93\
\x00\x00\x01:\x00\x00\x00\x00\x00\x01\x00\x00s\x89\
\x00\x00\x01\x98\xf2x$n\
\x00\x00\x01\x9c\x00\x00\x00\x00\x00\x01\x00\x00\xa6U\
\x00\x00\x01\x98\xf2x$n\
\x00\x00\x01P\x00\x00\x00\x00\x00\x01\x00\x00uv\
\x00\x00\x01\x98\xf2x$n\
\x00\x00\x00\xe6\x00\x00\x00\x00\x00\x01\x00\x00k\x9a\
\x00\x00\x01\x98\xf2x$n\
\x00\x00\x00\xfc\x00\x00\x00\x00\x00\x01\x00\x00o\x8c\
\x00\x00\x01\x98\xf2x$n\
\x00\x00\x00D\x00\x00\x00\x00\x00\x01\x00\x00\x04\x04\
\x00\x00\x01\x98\xf2x$o\
\x00\x00\x00\x10\x00\x00\x00\x00\x00\x01\x00\x00\x00\x00\
\x00\x00\x01\x98\xf2x$n\
\x00\x00\x00\xb2\x00\x00\x00\x00\x00\x01\x00\x00i\x8f\
\x00\x00\x01\x98\xf2x$n\
\x00\x00\x01h\x00\x00\x00\x00\x00\x01\x00\x00\xa2$\
\x00\x00\x01\x98\xf2x$n\
\x00\x00\x01\x80\x00\x00\x00\x00\x00\x01\x00\x00\xa4#\
\x00\x00\x01\x98\xf2x$o\
\x00\x00\x00p\x00\x00\x00\x00\x00\x01\x00\x00H\xb2\
\x00\x00\x01\x98\xf2x$n\
"

def qInitResources():
    QtCore.qRegisterResourceData(0x03, qt_resource_struct, qt_resource_name, qt_resource_data)

def qCleanupResources():
    QtCore.qUnregisterResourceData(0x03, qt_resource_struct, qt_resource_name, qt_resource_data)

qInitResources()
